Temperature,Light
23.18,426.0
23.15,429.5
23.15,426.0
23.15,426.0
23.1,426.0
23.1,419.0
23.1,419.0
23.1,419.0
23.1,419.0
23.075,419.0
23.075,419.0
23.1,419.0
23.1,419.0
23.05,419.0
23.0,419.0
23.0,418.5
23.0,0.0
22.945,0.0
22.945,0.0
22.89,0.0
22.89,0.0
22.89,0.0
22.89,0.0
22.89,0.0
22.89,0.0
22.79,0.0
22.79,0.0
22.79,0.0
22.79,0.0
22.745,0.0
22.7,0.0
22.7,0.0
22.7,0.0
22.6666666666667,0.0
22.7,0.0
22.6,0.0
22.6,0.0
22.6,0.0
22.6,0.0
22.6,0.0
22.6,0.0
22.6,0.0
22.6,0.0
22.5,0.0
22.5,0.0
22.5,0.0
22.5,0.0
22.39,0.0
22.5,0.0
22.39,0.0
22.39,0.0
22.39,0.0
22.39,0.0
22.39,0.0
22.39,0.0
22.39,0.0
22.34,0.0
22.39,0.0
22.39,0.0
22.29,0.0
22.34,0.0
22.29,0.0
22.39,0.0
22.29,0.0
22.29,0.0
22.29,0.0
22.29,0.0
22.29,0.0
22.29,0.0
22.29,0.0
22.29,0.0
22.29,0.0
22.2675,0.0
22.2,0.0
22.245,0.0
22.2,0.0
22.2,0.0
22.2,0.0
22.245,0.0
22.2,0.0
22.2,0.0
22.2,0.0
22.2,0.0
22.15,0.0
22.2,0.0
22.15,0.0
22.2,0.0
22.1,0.0
22.1,0.0
22.1333333333333,0.0
22.2,0.0
22.1,0.0
22.125,0.0
22.2,0.0
22.1,0.0
22.1,0.0
22.1,0.0
22.1,0.0
22.1,0.0
22.1,0.0
22.1,0.0
22.1,0.0
22.1,0.0
22.1,0.0
22.0666666666667,0.0
22.1,0.0
22.0,0.0
22.0,0.0
22.05,0.0
22.0,0.0
22.0,0.0
22.0,0.0
22.0,0.0
21.9175,0.0
21.945,0.0
21.926666666666698,0.0
21.89,0.0
21.89,0.0
21.89,0.0
21.89,0.0
21.89,0.0
21.89,0.0
21.89,0.0
21.89,0.0
21.89,0.0
21.84,0.0
21.856666666666698,0.0
21.79,0.0
21.79,0.0
21.79,0.0
21.79,0.0
21.79,0.0
21.79,0.0
21.79,0.0
21.79,0.0
21.745,0.0
21.7,0.0
21.76,0.0
21.745,0.0
21.79,0.0
21.73,0.0
21.745,0.0
21.745,0.0
21.745,0.0
21.7,0.0
21.7,0.0
21.7,0.0
21.7,0.0
21.7,0.0
21.7,0.0
21.7,0.0
21.7,0.0
21.7,0.0
21.7,0.0
21.7,0.0
21.7,0.0
21.7,0.0
21.7,0.0
21.7,0.0
21.7,0.0
21.7,0.0
21.7,0.0
21.7,0.0
21.7,0.0
21.7,0.0
21.7,0.0
21.6,0.0
21.6,0.0
21.6,0.0
21.6,0.0
21.65,0.0
21.6,0.0
21.6,0.0
21.6,0.0
21.6,0.0
21.6,0.0
21.65,0.0
21.6,0.0
21.6,0.0
21.6,0.0
21.6,0.0
21.6,0.0
21.6,0.0
21.6,0.0
21.6,0.0
21.6,0.0
21.6,0.0
21.575,0.0
21.6,0.0
21.6,0.0
21.55,0.0
21.55,0.0
21.5,0.0
21.5666666666667,0.0
21.5,0.0
21.5,0.0
21.5,0.0
21.5,0.0
21.5,0.0
21.5,0.0
21.5,0.0
21.5,0.0
21.5,0.0
21.5,0.0
21.5,0.0
21.5,0.0
21.5,0.0
21.5,0.0
21.5,0.0
21.5,0.0
21.5,0.0
21.5,0.0
21.5,0.0
21.5,0.0
21.5,0.0
21.5,0.0
21.5,0.0
21.5,0.0
21.5,0.0
21.5,0.0
21.5,0.0
21.5,0.0
21.5,0.0
21.4725,0.0
21.5,0.0
21.5,0.0
21.5,0.0
21.5,0.0
21.445,0.0
21.445,0.0
21.463333333333303,0.0
21.445,0.0
21.5,0.0
21.426666666666698,0.0
21.39,0.0
21.39,0.0
21.445,0.0
21.5,0.0
21.39,0.0
21.445,0.0
21.445,0.0
21.39,0.0
21.5,0.0
21.39,0.0
21.426666666666698,0.0
21.39,0.0
21.39,0.0
21.39,0.0
21.39,0.0
21.39,0.0
21.39,0.0
21.39,0.0
21.39,0.0
21.39,0.0
21.39,0.0
21.39,0.0
21.39,0.0
21.39,0.0
21.39,0.0
21.39,0.0
21.39,0.0
21.39,0.0
21.39,0.0
21.39,0.0
21.39,0.0
21.39,0.0
21.39,0.0
21.34,0.0
21.39,0.0
21.39,0.0
21.39,0.0
21.29,0.0
21.34,0.0
21.29,0.0
21.34,0.0
21.323333333333302,0.0
21.34,0.0
21.29,0.0
21.39,0.0
21.39,0.0
21.29,0.0
21.29,0.0
21.34,0.0
21.29,0.0
21.39,0.0
21.29,0.0
21.34,0.0
21.29,0.0
21.29,0.0
21.29,0.0
21.29,0.0
21.29,0.0
21.29,0.0
21.29,0.0
21.29,0.0
21.29,0.0
21.29,0.0
21.29,0.0
21.29,0.0
21.29,0.0
21.29,0.0
21.2,0.0
21.29,0.0
21.29,0.0
21.26,0.0
21.245,0.0
21.23,0.0
21.29,0.0
21.2,0.0
21.2,0.0
21.245,0.0
21.245,0.0
21.2,0.0
21.2,0.0
21.2,0.0
21.2,0.0
21.2,0.0
21.2,0.0
21.2,0.0
21.2,0.0
21.2,0.0
21.2,0.0
21.2,0.0
21.2,0.0
21.2,0.0
21.2,0.0
21.2,0.0
21.2,0.0
21.2,0.0
21.2,0.0
21.2,0.0
21.2,0.0
21.2,0.0
21.2,0.0
21.2,0.0
21.2,0.0
21.2,0.0
21.2,0.0
21.2,0.0
21.2,0.0
21.2,0.0
21.2,0.0
21.2,0.0
21.2,0.0
21.2,0.0
21.2,0.0
21.2,0.0
21.2,0.0
21.2,0.0
21.2,0.0
21.2,0.0
21.15,0.0
21.2,0.0
21.2,0.0
21.2,0.0
21.2,0.0
21.2,0.0
21.2,0.0
21.2,0.0
21.2,0.0
21.2,0.0
21.2,0.0
21.2,0.0
21.2,0.0
21.2,0.0
21.245,0.0
21.23,0.0
21.29,0.0
21.2,0.0
21.245,0.0
21.245,0.0
21.26,0.0
21.245,0.0
21.245,0.0
21.29,0.0
21.245,0.0
21.29,0.0
21.29,0.0
21.29,0.0
21.29,0.0
21.29,0.0
21.29,0.0
21.29,0.0
21.29,0.0
21.29,0.0
21.29,0.0
21.29,0.0
21.29,0.0
21.29,0.0
21.29,0.0
21.29,0.0
21.29,0.0
21.29,0.0
21.29,0.0
21.29,0.0
21.29,0.0
21.29,0.0
21.2,0.0
21.2,0.0
21.2,0.0
21.2,0.0
21.2,0.0
21.2,0.0
21.2,0.0
21.2,0.0
21.2,0.0
21.2,0.0
21.1666666666667,0.0
21.1666666666667,0.0
21.15,0.0
21.1,0.0
21.15,0.0
21.1,0.0
21.1,0.0
21.1,0.0
21.1,0.0
21.1,0.0
21.05,0.0
21.1,0.0
21.05,0.0
21.05,0.0
21.1,0.0
21.0,0.0
21.1,0.0
21.1,0.0
21.1,0.0
21.1,0.0
21.1,0.0
21.1,0.0
21.1,0.0
21.1,0.0
21.05,0.0
21.1,0.0
21.1,0.0
21.1,0.0
21.1,0.0
21.15,0.0
21.1,0.0
21.125,0.0
21.1333333333333,0.0
21.1,0.0
21.1,0.0
21.15,0.0
21.2,0.0
21.15,0.0
21.15,0.0
21.2,0.0
21.2,0.0
21.2,0.0
21.1333333333333,0.0
21.1666666666667,0.0
21.2,0.0
21.2,0.0
21.2,0.0
21.2,0.0
21.2,0.0
21.2,0.0
21.2,0.0
21.2,0.0
21.2,0.0
21.2,0.0
21.2,0.0
21.2,0.0
21.2,0.0
21.2,0.0
21.2,0.0
21.2,0.0
21.2,0.0
21.2,0.0
21.2,0.0
21.2,0.0
21.2,0.0
21.2,0.0
21.2,0.0
21.2,0.0
21.2,0.0
21.2,0.0
21.2,0.0
21.2,0.0
21.2,0.0
21.125,0.0
21.1,0.0
21.1,0.0
21.1,0.0
21.1,0.0
21.1,0.0
21.1,0.0
21.05,0.0
21.1,0.0
21.1,0.0
21.0,0.0
21.0,0.0
21.0,0.0
21.0,0.0
21.0,0.0
21.0,0.0
21.0,0.0
21.0,0.0
21.0,0.0
21.0,0.0
21.0,0.0
21.0,0.0
21.0,0.0
21.0,0.0
21.0,0.0
21.0,0.0
21.0,0.0
21.0,0.0
21.0,0.0
21.0,0.0
21.0,0.0
21.0,0.0
21.0,0.0
21.0,0.0
21.0,0.0
21.05,0.0
21.05,0.0
21.0,0.0
21.033333333333303,0.0
21.05,0.0
21.05,0.0
21.1,0.0
21.05,0.0
21.0,0.0
21.1,0.0
21.1,0.0
21.033333333333303,0.0
21.075,0.0
21.033333333333303,0.0
21.1,0.0
21.1,0.0
21.1,0.0
21.1,0.0
21.1,0.0
21.1,0.0
21.05,0.0
21.1,0.0
21.05,0.0
21.0666666666667,0.0
21.1,0.0
21.033333333333303,0.0
21.025,0.0
21.0,0.0
21.0,0.0
21.0,0.0
21.0,0.0
21.0,0.0
21.0,0.0
21.0,0.0
21.0,0.0
21.0,0.0
21.0,0.0
21.0,0.0
21.0,0.0
21.0,0.0
20.945,0.0
20.963333333333303,0.0
20.89,0.0
20.926666666666698,0.0
21.0,0.0
20.89,0.0
20.89,0.0
20.89,0.0
20.89,0.0
20.89,0.0
20.89,0.0
20.89,0.0
20.89,0.0
20.89,0.0
20.89,0.0
20.89,0.0
20.926666666666698,0.0
20.89,0.0
20.89,0.0
20.926666666666698,0.0
20.945,0.0
21.0,0.0
21.0,0.0
21.0,0.0
21.0,0.0
21.0,0.0
21.0,0.0
21.0,0.0
21.0,0.0
21.0,0.0
21.0,0.0
21.0,0.0
21.0,0.0
21.0,0.0
21.0,0.0
21.0,0.0
21.0,0.0
21.0,0.0
21.0,0.0
21.0,0.0
21.0,0.0
21.0,0.0
21.0,0.0
21.0,0.0
21.0,0.0
21.0,0.0
21.0,0.0
21.0,0.0
21.0,0.0
21.0,0.0
21.0,0.0
21.0,0.0
21.0,0.0
21.0,0.0
21.0,0.0
21.0,0.0
21.0,0.0
20.89,0.0
20.945,0.0
21.0,0.0
20.89,0.0
20.89,0.0
20.89,0.0
20.89,0.0
20.89,0.0
20.856666666666698,0.0
20.89,0.0
20.89,0.0
20.89,0.0
20.89,0.0
20.89,0.0
20.84,0.0
20.89,0.0
20.89,0.0
20.856666666666698,0.0
20.89,0.0
20.89,0.0
20.89,0.0
20.89,0.0
20.89,0.0
20.89,0.0
20.89,0.0
20.856666666666698,0.0
20.89,0.0
20.89,0.0
20.865,0.0
20.89,0.0
20.89,0.0
20.89,0.0
20.89,0.0
20.89,0.0
20.89,0.0
20.89,0.0
20.945,0.0
21.0,0.0
20.945,0.0
20.945,0.0
20.926666666666698,0.0
20.89,0.0
20.89,0.0
20.945,0.0
20.89,0.0
21.0,0.0
21.0,0.0
21.0,0.0
21.0,0.0
21.0,0.0
21.0,0.0
21.0,0.0
21.0,0.0
21.0,0.0
21.0,0.0
21.0,0.0
20.963333333333303,0.0
20.89,0.0
20.89,0.0
20.9175,0.0
20.89,0.0
20.89,0.0
20.89,0.0
20.89,0.0
20.89,0.0
20.89,0.0
20.89,0.0
20.89,0.0
20.89,0.0
20.89,0.0
20.89,0.0
20.89,0.0
20.945,0.0
20.89,0.0
20.89,0.0
20.945,0.0
20.89,0.0
20.945,0.0
20.945,0.0
20.89,0.0
20.89,0.0
20.89,0.0
20.89,0.0
20.89,0.0
20.926666666666698,0.0
20.89,0.0
20.89,0.0
20.945,0.0
20.89,0.0
20.89,0.0
20.89,0.0
20.89,0.0
20.89,0.0
20.89,0.0
20.89,0.0
20.89,0.0
20.89,0.0
20.89,0.0
20.89,0.0
20.89,0.0
20.89,0.0
20.89,0.0
20.89,0.0
20.89,0.0
20.89,0.0
20.89,0.0
20.89,0.0
20.89,0.0
20.84,0.0
20.89,0.0
20.84,0.0
20.89,0.0
20.89,0.0
20.89,0.0
20.84,0.0
20.89,0.0
20.89,0.0
20.865,0.0
20.89,0.0
20.856666666666698,0.0
20.89,0.0
20.89,0.0
20.89,0.0
20.89,0.0
20.84,0.0
20.89,0.0
20.89,0.0
20.89,0.0
20.89,0.0
20.89,0.0
20.89,0.0
20.89,0.0
20.89,0.0
20.89,0.0
20.89,0.0
20.84,0.0
20.89,0.0
20.89,0.0
20.89,0.0
20.856666666666698,0.0
20.89,0.0
20.89,0.0
20.89,0.0
20.89,0.0
20.89,0.0
20.89,0.0
20.89,0.0
20.89,0.0
20.89,0.0
20.89,0.0
20.89,0.0
20.84,0.0
20.89,0.0
20.856666666666698,0.0
20.89,0.0
20.89,0.0
20.89,0.0
20.79,0.0
20.79,0.0
20.84,0.0
20.79,0.0
20.79,0.0
20.79,0.0
20.79,0.0
20.79,0.0
20.79,0.0
20.7,0.0
20.745,0.0
20.7,0.0
20.745,0.0
20.79,0.0
20.7,0.0
20.7,0.0
20.76,0.0
20.7,0.0
20.7,0.0
20.7,0.0
20.73,0.0
20.7,0.0
20.7,0.0
20.73,0.0
20.7,0.0
20.7,0.0
20.7,0.0
20.7,0.0
20.7,0.0
20.7,0.0
20.7,0.0
20.7,0.0
20.7,0.0
20.7,0.0
20.7,0.0
20.7,0.0
20.7,0.0
20.7,0.0
20.7,0.0
20.7,0.0
20.7,0.0
20.7,0.0
20.7,0.0
20.7,0.0
20.7,0.0
20.7,0.0
20.7,0.0
20.7,0.0
20.7,0.0
20.7,0.0
20.7,0.0
20.7,0.0
20.7,0.0
20.7,0.0
20.7,0.0
20.7,0.0
20.7,0.0
20.7,0.0
20.7,356.0
20.7,426.0
20.7,423.666666666667
20.7,423.666666666667
20.7225,419.0
20.73,419.0
20.7225,419.0
20.7675,411.0
20.79,411.0
20.815,411.0
20.823333333333302,408.333333333333
20.815,400.0
20.89,396.0
20.89,396.0
20.89,396.0
20.89,396.0
20.89,398.333333333333
20.945,399.5
20.963333333333303,413.0
21.0,411.0
21.0,411.0
21.0,411.0
21.0,412.2
21.0,405.0
21.0,405.0
21.0,405.0
21.0,405.0
21.025,405.0
21.025,412.0
21.05,419.0
21.025,419.0
21.1,419.0
21.075,419.0
21.033333333333303,419.0
21.075,419.0
21.1,419.0
21.1,419.0
21.1,419.0
21.15,419.0
21.2,419.0
21.2,419.0
21.2,419.0
21.26,423.666666666667
21.29,422.5
21.29,422.5
21.29,419.0
21.323333333333302,428.333333333333
21.29,424.6
21.34,426.0
21.29,429.5
21.29,419.0
21.315,426.0
21.29,419.0
21.29,433.0
21.34,433.0
21.323333333333302,433.0
21.29,433.0
21.34,433.0
21.29,433.0
21.34,433.0
21.34,433.0
21.323333333333302,426.666666666667
21.356666666666698,436.333333333333
21.365,429.0
21.39,429.0
21.356666666666698,429.0
21.323333333333302,434.0
21.39,444.0
21.323333333333302,444.0
21.39,444.0
21.365,441.75
21.39,446.0
21.39,439.0
21.39,446.5
21.39,446.0
21.39,451.5
21.4175,455.25
21.39,447.333333333333
21.445,444.0
21.463333333333303,455.666666666667
21.5,454.0
21.5,457.333333333333
21.5,454.0
21.5,465.666666666667
21.5,465.5
21.5,469.666666666667
21.525,478.5
21.55,471.25
21.6,473.0
21.6,484.5
21.7,482.5
21.7,487.5
21.7675,490.0
21.79,492.0
21.815,497.25
21.84,495.5
21.89,495.5
21.89,497.0
21.89,497.0
21.89,495.5
21.9175,494.0
21.963333333333303,498.666666666667
22.0,504.25
22.0,506.0
22.0,505.75
22.0,505.5
22.025,518.5
22.05,508.5
22.0666666666667,503.666666666667
22.0666666666667,496.333333333333
22.1,503.0
22.1,506.0
22.1,489.5
22.1,478.0
22.1,478.0
22.1,483.25
22.1,484.0
22.1,476.0
22.1,486.5
22.1,476.25
22.1,469.0
22.1,459.0
22.1,459.0
22.1,459.0
22.125,460.25
22.1,446.5
22.1,466.5
22.1,450.25
22.1,439.0
22.1,450.25
22.1,454.0
22.075,450.25
22.075,454.0
22.1,454.0
22.1,454.0
22.1,457.75
22.1,462.333333333333
22.1,454.0
22.1,456.5
22.1,454.0
22.1,461.5
22.1,444.0
22.1,449.5
22.125,449.5
22.1,449.5
22.1,460.0
22.1,453.0
22.1,449.5
22.1,449.5
22.1,460.0
22.1,453.0
22.1,454.75
22.1,449.5
22.1,449.5
22.1,449.5
22.15,449.5
22.1,455.5
22.1,454.0
22.1,454.0
22.1,469.0
22.1,469.0
22.1,464.0
22.1,469.0
22.1,469.0
22.1,459.0
22.1,459.0
22.05,469.0
22.05,469.0
22.025,469.0
22.05,469.0
22.0,469.0
22.0,469.0
22.0,469.0
22.0666666666667,464.0
22.05,454.0
22.075,454.0
22.1,454.0
22.1,461.5
22.1,461.5
22.1,464.0
22.1,459.0
22.1,469.0
22.08,461.5
22.1,454.0
22.0,454.0
22.08,454.0
22.025,454.0
22.0,454.0
22.033333333333303,454.0
22.075,454.0
22.0,439.0
22.075,444.25
22.0666666666667,453.0
22.05,450.25
22.0666666666667,454.0
22.075,454.0
22.025,469.0
22.025,463.0
22.033333333333303,471.0
22.075,464.0
22.075,464.0
22.0666666666667,464.0
22.0666666666667,474.0
22.1,479.0
22.1,465.25
22.1,469.0
22.1,464.0
22.1,466.75
22.1,465.666666666667
22.1,464.0
22.1,459.0
22.1,454.0
22.1333333333333,454.0
22.1,454.0
22.175,454.0
22.175,450.25
22.175,442.75
22.175,439.0
22.2,439.0
22.2,449.5
22.2,454.75
22.2,448.0
22.2,444.0
22.15,444.0
22.15,444.0
22.2,454.666666666667
22.175,460.0
22.2,460.0
22.2,449.333333333333
22.1666666666667,444.0
22.2,444.0
22.2,444.0
22.175,440.25
22.2,444.0
22.2,454.666666666667
22.2,449.5
22.2,454.0
22.2,454.0
22.2,454.0
22.2,457.75
22.2,454.0
22.2,454.0
22.2,454.0
22.2,454.0
22.2,454.0
22.2,449.5
22.2,460.0
22.2,444.0
22.2,444.0
22.2,444.0
22.2,444.0
22.175,444.0
22.2,444.0
22.2,444.0
22.2,444.0
22.2,444.0
22.2,460.0
22.2,460.0
22.175,454.75
22.175,460.0
22.175,458.5
22.2,461.5
22.2,464.0
22.2,465.666666666667
22.2,481.5
22.2,474.0
22.2,486.5
22.175,471.5
22.2,474.0
22.2,481.5
22.2,489.0
22.2,504.0
22.2,502.333333333333
22.2,524.0
22.2,550.0
22.2,554.2
22.26,562.333333333333
22.29,568.5
22.315,606.5
22.39,696.5
22.39,657.25
22.426666666666698,744.0
22.4725,708.75
22.533333333333303,607.0
22.575,660.0
22.6,688.5
22.6,558.0
22.6,661.333333333333
22.675,665.5
22.6666666666667,647.666666666667
22.7,638.0
22.7225,558.0
22.7,534.0
22.7,520.0
22.7,513.5
22.7,531.25
22.7,539.0
22.7,545.75
22.675,604.75
22.7,597.25
22.7,528.0
22.7,521.0
22.7,535.666666666667
22.675,533.25
22.65,523.75
22.6666666666667,524.0
22.65,521.0
22.625,536.25
22.6,548.333333333333
22.625,565.75
22.625,584.5
22.6,535.0
22.6,546.333333333333
22.6,630.5
22.6333333333333,570.666666666667
22.65,630.0
22.675,732.75
22.7225,686.25
22.76,635.5
22.856666666666698,676.0
22.89,567.25
22.89,582.5
22.89,618.75
22.89,579.25
22.89,590.333333333333
22.89,584.5
22.89,564.0
22.89,534.0
22.84,496.5
22.823333333333302,340.66666666666697
22.79,38.75
22.79,31.0
22.79,26.75
22.745,22.0
22.7,13.0
22.7,31.0
22.6666666666667,32.6666666666667
22.6,33.5
22.6,28.0
22.5666666666667,31.0
22.525,33.5
22.5,31.0
22.5,31.0
22.4175,33.5
22.39,33.5
22.39,28.6666666666667
22.39,46.0
22.39,53.0
22.39,71.5
22.34,103.0
22.323333333333302,91.6666666666667
22.29,90.0
22.29,81.6666666666667
22.29,112.75
22.29,334.33333333333303
22.29,472.25
22.29,503.5
22.2675,567.5
22.29,569.25
22.29,490.666666666667
22.29,487.333333333333
22.29,500.0
22.29,524.0
22.29,545.333333333333
22.315,520.6
22.29,509.0
22.34,476.5
22.315,471.5
22.29,464.0
22.29,464.0
22.29,459.0
22.29,459.0
22.29,454.75
22.29,444.0
22.29,456.0
22.29,461.0
22.29,461.5
22.29,464.0
22.29,476.5
22.29,489.0
22.29,489.0
22.29,484.0
22.29,454.0
22.2675,451.0
22.2675,449.5
22.2675,449.5
22.29,453.0
22.245,451.75
22.29,459.0
22.2675,459.0
22.2675,464.0
22.29,454.0
22.23,454.0
22.2225,448.0
22.2,453.0
22.2225,444.0
22.2,444.0
22.2,444.0
22.2,441.9
22.2,439.8
22.2,442.5
22.2,447.0
22.2,443.5
22.2,441.0
22.2,438.0
22.2,438.0
22.2,438.0
22.2,447.0
22.2,441.0
22.245,438.0
22.2,441.0
22.2,438.0
22.2,429.0
22.2675,429.0
22.2,438.0
22.23,441.0
22.2,438.0
22.2675,429.0
22.2,444.0
22.2,451.0
22.245,454.0
22.2225,465.25
22.2225,474.5
22.29,479.0
22.245,525.5
22.29,515.0
22.29,494.0
22.29,487.333333333333
22.315,474.5
22.323333333333302,486.0
22.29,502.333333333333
22.29,540.5
22.34,504.0
22.39,489.0
22.39,490.25
22.39,536.333333333333
22.39,532.0
22.39,543.0
22.426666666666698,543.0
22.445,543.0
22.5,533.25
22.463333333333303,527.0
22.5,534.0
22.55,530.0
22.5,524.0
22.525,526.25
22.5,522.0
22.5,517.0
22.525,513.5
22.575,524.0
22.6,513.5
22.6,513.5
22.5,513.5
22.6,518.0
22.55,520.75
22.6,525.0
22.6,524.833333333333
22.6,524.666666666667
22.6,489.0
22.6,474.0
22.6,474.0
22.6,472.75
22.6,471.5
22.6,464.0
22.6,469.0
22.575,465.25
22.6,454.0
22.55,450.25
22.525,449.5
22.5,454.75
22.5,449.5
22.525,454.75
22.55,454.75
22.5,460.0
22.5,460.0
22.5,436.5
22.5,460.0
22.55,449.5
22.5,460.75
22.5,461.0
22.5,454.0
22.5,469.0
22.5,469.0
22.5,479.666666666667
22.5,476.75
22.5,476.5
22.5,474.0
22.5,481.5
22.5,474.0
22.4725,479.0
22.5,469.0
22.5,474.0
22.5,469.0
22.5,474.0
22.5,479.0
22.5,478.5
22.5,478.5
22.5,477.0
22.5,470.25
22.5,469.0
22.5,460.666666666667
22.5,465.25
22.5,452.333333333333
22.5,446.5
22.5,449.5
22.5,460.0
22.445,456.0
22.4175,456.0
22.39,444.0
22.39,444.0
22.39,454.75
22.39,453.0
22.39,449.5
22.39,449.5
22.39,456.0
22.356666666666698,449.333333333333
22.39,444.0
22.39,444.0
22.39,444.0
22.39,444.0
22.39,444.0
22.4175,444.0
22.4725,429.0
22.445,429.0
22.445,429.0
22.426666666666698,429.0
22.39,438.0
22.426666666666698,441.0
22.39,438.0
22.39,438.0
22.39,441.0
22.39,438.0
22.39,432.75
22.39,444.0
22.39,444.0
22.39,444.0
22.39,444.0
22.39,444.0
22.39,444.0
22.39,429.0
22.39,435.0
22.39,438.0
22.39,438.0
22.39,441.0
22.356666666666698,441.0
22.39,438.0
22.365,438.0
22.323333333333302,441.0
22.34,438.0
22.34,447.0
22.323333333333302,447.0
22.365,447.0
22.315,438.0
22.34,438.0
22.29,438.0
22.29,441.0
22.29,438.0
22.29,442.5
22.29,438.0
22.315,438.0
22.29,442.5
22.29,441.0
22.29,447.0
22.2675,438.0
22.29,447.0
22.29,447.0
22.29,433.0
22.245,433.0
22.23,433.0
22.29,433.0
22.245,433.0
22.2675,433.0
22.29,433.0
22.2675,433.0
22.245,433.0
22.29,433.0
22.29,433.0
22.29,433.0
22.29,433.0
22.29,433.0
22.245,433.0
22.29,433.0
22.29,433.0
22.29,433.0
22.29,433.0
22.29,433.0
22.2225,433.0
22.26,433.0
22.245,433.0
22.245,433.0
22.2225,433.0
22.2,433.0
22.2,433.0
22.2,433.0
22.2,433.0
22.2,433.0
22.2,433.0
22.2,433.0
22.2,429.5
22.2,433.0
22.2,433.0
22.2,433.0
22.2,433.0
22.175,433.0
22.175,433.0
22.2,433.0
22.1333333333333,433.0
22.15,433.0
22.1333333333333,433.0
22.1,433.0
22.1,433.0
22.1,433.0
22.125,433.0
22.1333333333333,433.0
22.125,433.0
22.1,433.0
22.1,433.0
22.1,433.0
22.0666666666667,433.0
22.025,433.0
22.0,433.0
22.0,433.0
22.0,433.0
22.025,433.0
22.0,433.0
22.075,426.0
22.025,213.0
22.0,0.0
22.0,0.0
22.0,0.0
21.945,0.0
21.89,0.0
21.89,0.0
21.84,0.0
21.84,0.0
21.79,0.0
21.79,0.0
21.79,0.0
21.745,0.0
21.7,0.0
21.7,0.0
21.7,0.0
21.7,0.0
21.7,0.0
21.6,0.0
21.7,0.0
21.6,0.0
21.6,0.0
21.6,0.0
21.55,0.0
21.55,0.0
21.5666666666667,0.0
21.55,0.0
21.5,0.0
21.5,0.0
21.5,0.0
21.5,0.0
21.5,0.0
21.39,0.0
21.39,0.0
21.39,0.0
21.39,0.0
21.34,0.0
21.29,0.0
21.323333333333302,0.0
21.34,0.0
21.34,0.0
21.29,0.0
21.29,0.0
21.245,0.0
21.2,0.0
21.2,0.0
21.245,0.0
21.29,0.0
21.29,0.0
21.29,0.0
21.29,0.0
21.2,0.0
21.2,0.0
21.2,0.0
21.2,0.0
21.2,0.0
21.2,0.0
21.2,0.0
21.2,0.0
21.2,0.0
21.2,0.0
21.2,0.0
21.2,0.0
21.29,0.0
21.29,0.0
21.29,0.0
21.29,0.0
21.29,0.0
21.29,0.0
21.29,0.0
21.29,0.0
21.245,0.0
21.2,0.0
21.2,0.0
21.2,0.0
21.2,0.0
21.2,0.0
21.2,0.0
21.1,0.0
21.1,0.0
21.1,0.0
21.1,0.0
21.15,0.0
21.1,0.0
21.15,0.0
21.15,0.0
21.2,0.0
21.2,0.0
21.2,0.0
21.2,0.0
21.2,0.0
21.2,0.0
21.2,0.0
21.2,0.0
21.2,0.0
21.15,0.0
21.1,0.0
21.1,0.0
21.1,0.0
21.1,0.0
21.175,0.0
21.2,0.0
21.1,0.0
21.1,0.0
21.1,0.0
21.075,0.0
21.05,0.0
21.1,0.0
21.15,0.0
21.15,0.0
21.2,0.0
21.175,0.0
21.1666666666667,0.0
21.15,0.0
21.1,0.0
21.2,0.0
21.2,0.0
21.15,0.0
21.1666666666667,0.0
21.1,0.0
21.2,0.0
21.2,0.0
21.2,0.0
21.2,0.0
21.2,0.0
21.2,0.0
21.2,0.0
21.2,0.0
21.2,0.0
21.2,0.0
21.2,0.0
21.2,0.0
21.2,0.0
21.2,0.0
21.2,0.0
21.2,0.0
21.2,0.0
21.2,0.0
21.2,0.0
21.2,0.0
21.2,0.0
21.2,0.0
21.2,0.0
21.2,0.0
21.15,0.0
21.2,0.0
21.2,0.0
21.2,0.0
21.2,0.0
21.2,0.0
21.2,0.0
21.2,0.0
21.2,0.0
21.2,0.0
21.2,0.0
21.2,0.0
21.15,0.0
21.1666666666667,0.0
21.1,0.0
21.1,0.0
21.1,0.0
21.1,0.0
21.033333333333303,0.0
21.0,0.0
21.0,0.0
21.0,0.0
21.0,0.0
21.0,0.0
21.0,0.0
21.0,0.0
21.0,0.0
21.0,0.0
21.0,0.0
21.0,0.0
21.0,0.0
20.9725,0.0
21.0,0.0
20.963333333333303,0.0
21.0,0.0
20.89,0.0
20.963333333333303,0.0
21.0,0.0
20.89,0.0
20.89,0.0
20.89,0.0
20.89,0.0
20.89,0.0
20.89,0.0
20.89,0.0
20.89,0.0
20.89,0.0
20.89,0.0
20.89,0.0
20.89,0.0
20.89,0.0
20.89,0.0
20.89,0.0
20.89,0.0
20.89,0.0
20.79,0.0
20.89,0.0
20.89,0.0
20.89,0.0
20.89,0.0
20.89,0.0
20.89,0.0
20.89,0.0
20.89,0.0
20.79,0.0
20.89,0.0
20.79,0.0
20.79,0.0
20.79,0.0
20.79,0.0
20.79,0.0
20.79,0.0
20.79,0.0
20.79,0.0
20.79,0.0
20.745,0.0
20.79,0.0
20.745,0.0
20.7,0.0
20.745,0.0
20.7,0.0
20.7,0.0
20.7,0.0
20.7,0.0
20.7,0.0
20.7,0.0
20.7,0.0
20.7,0.0
20.7,0.0
20.7,0.0
20.7,0.0
20.7,0.0
20.7,0.0
20.7,0.0
20.6333333333333,0.0
20.7,0.0
20.65,0.0
20.6,0.0
20.65,0.0
20.6,0.0
20.6,0.0
20.6,0.0
20.6,0.0
20.6,0.0
20.6,0.0
20.6,0.0
20.6,0.0
20.55,0.0
20.6,0.0
20.6,0.0
20.6,0.0
20.6,0.0
20.6,0.0
20.55,0.0
20.6,0.0
20.55,0.0
20.6,0.0
20.6,0.0
20.6,0.0
20.575,0.0
20.6,0.0
20.5,0.0
20.5,0.0
20.55,0.0
20.6,0.0
20.55,0.0
20.55,0.0
20.5,0.0
20.6,0.0
20.5666666666667,0.0
20.55,0.0
20.5,0.0
20.55,0.0
20.6,0.0
20.5,0.0
20.55,0.0
20.55,0.0
20.5,0.0
20.5,0.0
20.5,0.0
20.55,0.0
20.5,0.0
20.5,0.0
20.533333333333303,0.0
20.5,0.0
20.5,0.0
20.5,0.0
20.5,0.0
20.5,0.0
20.5,0.0
20.5,0.0
20.5,0.0
20.5,0.0
20.5,0.0
20.5,0.0
20.5,0.0
20.5,0.0
20.5,0.0
20.5,0.0
20.5,0.0
20.5,0.0
20.5,0.0
20.5,0.0
20.445,0.0
20.5,0.0
20.5,0.0
20.39,0.0
20.445,0.0
20.39,0.0
20.426666666666698,0.0
20.39,0.0
20.39,0.0
20.39,0.0
20.39,0.0
20.39,0.0
20.39,0.0
20.39,0.0
20.39,0.0
20.39,0.0
20.39,0.0
20.39,0.0
20.39,0.0
20.39,0.0
20.39,0.0
20.356666666666698,0.0
20.356666666666698,0.0
20.39,0.0
20.29,0.0
20.39,0.0
20.34,0.0
20.29,0.0
20.29,0.0
20.29,0.0
20.323333333333302,0.0
20.29,0.0
20.323333333333302,0.0
20.29,0.0
20.29,0.0
20.29,0.0
20.29,0.0
20.29,0.0
20.29,0.0
20.29,0.0
20.245,0.0
20.29,0.0
20.29,0.0
20.29,0.0
20.29,0.0
20.2225,0.0
20.2,0.0
20.2,0.0
20.2,0.0
20.2,0.0
20.2,0.0
20.2,0.0
20.2,0.0
20.2,0.0
20.2,0.0
20.2,0.0
20.2,0.0
20.2,0.0
20.2,0.0
20.2,0.0
20.2,0.0
20.1666666666667,0.0
20.15,0.0
20.2,0.0
20.15,0.0
20.15,0.0
20.2,0.0
20.15,0.0
20.2,0.0
20.15,0.0
20.1,0.0
20.2,0.0
20.1,0.0
20.1,0.0
20.1,0.0
20.1,0.0
20.1,0.0
20.1,0.0
20.1,0.0
20.1,0.0
20.1,0.0
20.1,0.0
20.1,0.0
20.1,0.0
20.1,0.0
20.1,0.0
20.1,0.0
20.1666666666667,0.0
20.2,0.0
20.2,0.0
20.2,0.0
20.2,0.0
20.2,0.0
20.2,0.0
20.2,0.0
20.2,0.0
20.245,0.0
20.245,0.0
20.29,0.0
20.29,0.0
20.29,0.0
20.29,0.0
20.29,0.0
20.29,0.0
20.29,0.0
20.29,0.0
20.29,0.0
20.356666666666698,0.0
20.29,0.0
20.29,0.0
20.29,0.0
20.29,0.0
20.29,0.0
20.29,0.0
20.29,0.0
20.29,0.0
20.29,0.0
20.26,0.0
20.29,0.0
20.29,0.0
20.29,0.0
20.29,0.0
20.245,0.0
20.29,0.0
20.23,0.0
20.245,0.0
20.2,0.0
20.29,0.0
20.2,0.0
20.23,0.0
20.245,0.0
20.29,0.0
20.26,0.0
20.29,0.0
20.29,0.0
20.29,0.0
20.29,0.0
20.323333333333302,0.0
20.39,0.0
20.39,0.0
20.39,0.0
20.39,0.0
20.39,0.0
20.39,0.0
20.39,0.0
20.39,0.0
20.39,0.0
20.34,0.0
20.39,0.0
20.39,0.0
20.39,0.0
20.39,0.0
20.39,0.0
20.5,0.0
20.426666666666698,0.0
20.5,0.0
20.5,0.0
20.5,0.0
20.5,0.0
20.5,0.0
20.5,0.0
20.5,0.0
20.5,0.0
20.5,0.0
20.5,0.0
20.5,0.0
20.5,0.0
20.55,0.0
20.5,0.0
20.5,0.0
20.5,0.0
20.5,0.0
20.6,0.0
20.5,0.0
20.6,0.0
20.5,0.0
20.5,0.0
20.55,0.0
20.55,0.0
20.5,0.0
20.55,0.0
20.6,0.0
20.6,0.0
20.6,0.0
20.5,0.0
20.5,0.0
20.6,0.0
20.6,0.0
20.5666666666667,0.0
20.5666666666667,0.0
20.5666666666667,0.0
20.6,0.0
20.6,0.0
20.6,0.0
20.6,0.0
20.6,0.0
20.5,0.0
20.6,0.0
20.55,0.0
20.55,0.0
20.6,0.0
20.5,0.0
20.5,0.0
20.55,0.0
20.6,0.0
20.6,0.0
20.6,0.0
20.6,0.0
20.5,0.0
20.5,0.0
20.463333333333303,0.0
20.5,0.0
20.5,0.0
20.5,0.0
20.5,0.0
20.39,0.0
20.426666666666698,0.0
20.5,0.0
20.5,0.0
20.5,0.0
20.445,0.0
20.39,0.0
20.39,0.0
20.39,0.0
20.5,0.0
20.5,0.0
20.5,0.0
20.5,0.0
20.533333333333303,0.0
20.525,0.0
20.5,0.0
20.5,0.0
20.533333333333303,0.0
20.5,0.0
20.5,0.0
20.5,0.0
20.5,0.0
20.5,0.0
20.533333333333303,0.0
20.525,0.0
20.5,0.0
20.5,0.0
20.533333333333303,0.0
20.55,0.0
20.5,0.0
20.55,0.0
20.55,0.0
20.5,0.0
20.5,0.0
20.6,0.0
20.5,0.0
20.533333333333303,0.0
20.533333333333303,0.0
20.6,0.0
20.6,0.0
20.5,0.0
20.55,0.0
20.55,0.0
20.5,0.0
20.6,0.0
20.5,0.0
20.55,0.0
20.6,0.0
20.55,0.0
20.55,0.0
20.5,0.0
20.5,0.0
20.5,0.0
20.5,0.0
20.5,0.0
20.5,0.0
20.5,0.0
20.5,0.0
20.445,0.0
20.5,0.0
20.5,0.0
20.5,0.0
20.5,0.0
20.426666666666698,0.0
20.39,0.0
20.39,0.0
20.39,0.0
20.39,0.0
20.39,0.0
20.39,0.0
20.39,0.0
20.39,0.0
20.39,0.0
20.39,0.0
20.445,0.0
20.445,0.0
20.5,0.0
20.5,0.0
20.5,0.0
20.5,0.0
20.5,0.0
20.5,0.0
20.5,0.0
20.5,0.0
20.5,0.0
20.39,0.0
20.39,0.0
20.39,0.0
20.39,0.0
20.39,0.0
20.39,0.0
20.39,0.0
20.39,0.0
20.39,0.0
20.39,0.0
20.39,0.0
20.39,0.0
20.39,0.0
20.39,0.0
20.39,0.0
20.5,0.0
20.39,0.0
20.445,0.0
20.463333333333303,0.0
20.5,0.0
20.445,0.0
20.39,0.0
20.39,0.0
20.39,0.0
20.39,0.0
20.445,0.0
20.445,0.0
20.5,0.0
20.5,0.0
20.445,0.0
20.445,0.0
20.463333333333303,0.0
20.39,0.0
20.5,0.0
20.5,0.0
20.463333333333303,0.0
20.39,0.0
20.39,0.0
20.39,0.0
20.39,0.0
20.39,0.0
20.39,0.0
20.39,0.0
20.39,0.0
20.39,0.0
20.39,0.0
20.445,0.0
20.39,0.0
20.39,0.0
20.39,0.0
20.39,0.0
20.39,0.0
20.445,0.0
20.39,0.0
20.39,0.0
20.39,0.0
20.39,0.0
20.39,0.0
20.39,0.0
20.39,0.0
20.39,0.0
20.39,0.0
20.356666666666698,0.0
20.29,0.0
20.34,0.0
20.34,0.0
20.34,0.0
20.39,0.0
20.39,0.0
20.34,0.0
20.356666666666698,0.0
20.39,0.0
20.34,0.0
20.39,0.0
20.39,0.0
20.39,0.0
20.39,0.0
20.39,0.0
20.34,0.0
20.39,0.0
20.39,0.0
20.356666666666698,0.0
20.34,0.0
20.29,0.0
20.29,0.0
20.29,0.0
20.29,0.0
20.29,0.0
20.29,0.0
20.29,0.0
20.29,0.0
20.29,0.0
20.29,0.0
20.29,0.0
20.245,0.0
20.29,0.0
20.29,0.0
20.29,0.0
20.29,0.0
20.29,0.0
20.29,0.0
20.29,0.0
20.29,0.0
20.245,0.0
20.29,0.0
20.29,0.0
20.29,0.0
20.29,0.0
20.29,0.0
20.29,0.0
20.29,0.0
20.29,0.0
20.245,0.0
20.245,0.0
20.245,0.0
20.2,0.0
20.245,0.0
20.2,0.0
20.29,0.0
20.245,0.0
20.29,0.0
20.29,0.0
20.29,0.0
20.29,0.0
20.29,0.0
20.29,0.0
20.29,0.0
20.2,0.0
20.23,0.0
20.29,0.0
20.29,0.0
20.29,0.0
20.2,0.0
20.29,0.0
20.29,0.0
20.29,0.0
20.26,0.0
20.245,0.0
20.29,0.0
20.29,0.0
20.29,0.0
20.29,0.0
20.29,0.0
20.29,0.0
20.29,0.0
20.29,0.0
20.29,0.0
20.29,0.0
20.29,0.0
20.323333333333302,0.0
20.39,0.0
20.39,0.0
20.39,0.0
20.39,0.0
20.39,0.0
20.39,0.0
20.39,0.0
20.29,0.0
20.29,0.0
20.245,0.0
20.29,0.0
20.29,0.0
20.2,0.0
20.2,0.0
20.2,0.0
20.2,0.0
20.2,0.0
20.1,0.0
20.2,0.0
20.2,0.0
20.2,0.0
20.2,0.0
20.2,0.0
20.2,0.0
20.2,0.0
20.2,0.0
20.2,0.0
20.2,0.0
20.2,0.0
20.2,0.0
20.2,0.0
20.2,0.0
20.2,0.0
20.2,0.0
20.2,0.0
20.245,0.0
20.29,0.0
20.29,0.0
20.29,0.0
20.29,0.0
20.29,0.0
20.29,0.0
20.29,0.0
20.29,0.0
20.29,0.0
20.29,0.0
20.29,0.0
20.245,0.0
20.245,0.0
20.2,0.0
20.2,0.0
20.2,0.0
20.2,0.0
20.245,0.0
20.245,0.0
20.2,0.0
20.2,0.0
20.2,0.0
20.2,0.0
20.2,260.33333333333303
20.2,401.333333333333
20.175,433.0
20.175,422.5
20.2,419.0
20.175,419.0
20.1,419.0
20.15,419.0
20.1333333333333,409.0
20.175,411.0
20.125,411.0
20.15,411.0
20.2,411.0
20.2,411.0
20.2225,407.5
20.2675,400.0
20.29,400.0
20.315,413.0
20.39,412.2
20.39,409.0
20.4175,411.0
20.426666666666698,413.0
20.4725,411.0
20.525,411.0
20.5,405.0
20.5666666666667,409.0
20.625,405.0
20.65,408.5
20.7,418.333333333333
20.7,419.0
20.7,419.0
20.7225,419.0
20.7,419.0
20.79,419.0
20.79,419.0
20.79,419.0
20.79,419.0
20.815,419.0
20.79,419.0
20.84,419.0
20.89,419.0
20.865,419.0
20.89,426.0
20.89,423.666666666667
20.89,426.0
20.89,422.5
20.89,426.0
20.89,419.0
20.89,428.333333333333
20.865,429.5
20.865,429.5
20.823333333333302,433.0
20.84,433.0
20.89,433.0
20.865,433.0
20.856666666666698,433.0
20.865,433.0
20.84,433.0
20.84,433.0
20.84,433.0
20.89,433.0
20.865,433.0
20.865,433.0
20.865,433.0
20.89,433.0
20.865,433.0
20.856666666666698,433.0
20.84,433.0
20.865,433.0
20.89,433.0
20.89,433.0
20.865,433.0
20.84,433.0
20.865,433.0
20.89,433.0
20.865,433.0
20.823333333333302,433.0
20.856666666666698,433.0
20.89,433.0
20.9175,433.0
20.926666666666698,433.0
20.9175,433.0
20.963333333333303,433.0
20.89,436.5
20.89,426.0
20.89,433.0
20.89,433.0
20.89,442.333333333333
20.89,435.8
20.89,447.0
20.926666666666698,442.333333333333
20.945,443.5
20.945,447.0
20.945,447.0
20.945,447.0
20.9725,438.0
21.0,441.0
21.0,438.0
21.0,438.0
21.0,438.0
21.0,440.0
21.0,437.25
21.0,438.0
21.025,440.25
21.05,436.5
21.05,441.0
21.1,436.5
21.1,444.0
21.1,444.0
21.1,444.0
21.1,444.0
21.1,444.0
21.1,448.0
21.1,444.0
21.1,454.75
21.1,454.75
21.1,460.0
21.175,449.5
21.15,449.5
21.2,454.75
21.2,449.333333333333
21.175,460.0
21.2,456.0
21.2,460.0
21.2225,449.5
21.29,453.0
21.2675,460.0
21.29,460.0
21.323333333333302,460.0
21.29,450.75
21.29,454.666666666667
21.315,444.0
21.29,444.0
21.29,454.666666666667
21.315,460.0
21.34,452.0
21.325,456.0
21.31,460.0
21.323333333333302,460.0
21.356666666666698,460.0
21.39,449.5
21.39,460.0
21.34,449.5
21.34,449.5
21.29,460.0
21.34,455.5
21.29,457.0
21.34,449.5
21.315,454.75
21.29,460.0
21.315,460.0
21.315,460.0
21.39,460.0
21.39,454.75
21.39,453.0
21.39,449.5
21.365,454.75
21.39,457.0
21.39,454.0
21.323333333333302,464.0
21.365,461.5
21.39,449.5
21.34,449.5
21.39,454.0
21.34,455.5
21.356666666666698,468.0
21.29,454.0
21.323333333333302,454.0
21.315,469.0
21.34,469.0
21.315,469.0
21.315,465.25
21.29,475.25
21.29,464.0
21.29,459.0
21.29,468.2
21.365,474.0
21.39,492.333333333333
21.323333333333302,474.0
21.39,480.25
21.4725,504.0
21.5,539.5
21.5,509.0
21.5,528.5
21.6,499.0
21.65,497.75
21.675,500.25
21.7,489.0
21.7,490.25
21.7,494.0
21.7,485.666666666667
21.7,481.5
21.7,484.0
21.7,482.75
21.73,477.333333333333
21.73,477.333333333333
21.7675,485.25
21.754,485.25
21.73,482.75
21.79,464.0
21.7225,479.0
21.745,476.75
21.7,476.0
21.7,480.0
21.73,479.0
21.7225,479.0
21.7225,485.25
21.7,489.0
21.7,489.0
21.7675,471.5
21.76,471.0
21.79,487.75
21.79,467.666666666667
21.79,469.25
21.73,462.333333333333
21.79,462.75
21.79,462.75
21.79,472.333333333333
21.79,485.0
21.745,479.0
21.745,471.5
21.7,464.0
21.7225,475.25
21.7,479.0
21.7,464.0
21.7,469.0
21.7,467.75
21.7,481.5
21.7,479.0
21.7225,479.0
21.76,490.666666666667
21.7225,502.75
21.7225,490.25
21.7,479.0
21.7,474.0
21.7,492.75
21.7,507.0
21.7,484.0
21.7,467.75
21.7,464.0
21.7,469.0
21.7,464.0
21.7,471.0
21.7,462.75
21.7,481.5
21.7,479.0
21.7,469.25
21.7,469.0
21.7,469.0
21.65,457.75
21.6333333333333,460.666666666667
21.65,465.5
21.7,474.333333333333
21.675,477.75
21.65,487.75
21.7,492.333333333333
21.7,490.25
21.7,484.0
21.7,480.666666666667
21.7,491.5
21.675,501.5
21.7,494.0
21.7,494.0
21.7,479.0
21.7,506.0
21.7,514.0
21.7,513.75
21.7,514.0
21.7,494.0
21.7,514.0
21.7,507.333333333333
21.7,567.5
21.7,512.75
21.7,528.5
21.7225,541.5
21.7,533.75
21.73,504.0
21.79,494.0
21.7675,496.5
21.79,496.5
21.79,504.0
21.79,489.0
21.79,489.0
21.79,518.666666666667
21.76,489.0
21.79,486.5
21.79,471.5
21.73,474.0
21.745,484.0
21.76,479.0
21.7675,479.0
21.79,479.0
21.745,484.0
21.745,486.5
21.745,499.0
21.745,511.5
21.7,521.5
21.73,504.0
21.73,489.0
21.7,500.666666666667
21.7,511.0
21.7,500.25
21.7,494.0
21.7,497.333333333333
21.7,495.666666666667
21.7,492.0
21.7,509.0
21.7,509.0
21.7,495.25
21.7,499.0
21.7,489.0
21.7,481.25
21.7,489.0
21.7,377.75
21.7,44.0
21.7,60.25
21.65,60.75
21.65,57.0
21.6,67.0
21.6,66.5
21.6,53.0
21.533333333333303,58.3333333333333
21.55,61.5
21.525,48.5
21.5,62.5
21.5,68.75
21.5,47.0
21.4725,54.5
21.445,50.0
21.39,50.0
21.39,52.3333333333333
21.39,57.0
21.39,81.25
21.39,50.0
21.34,51.75
21.29,58.3333333333333
21.29,131.333333333333
21.29,293.5
21.29,440.0
21.29,483.75
21.29,492.75
21.29,499.0
21.29,489.0
21.29,479.0
21.29,486.5
21.29,489.0
21.29,490.25
21.29,486.5
21.39,495.0
21.39,480.666666666667
21.39,485.25
21.445,494.0
21.5,500.666666666667
21.5,508.5
21.5,508.5
21.5,500.25
21.5,507.5
21.5,516.5
21.5,536.5
21.5,514.0
21.5,516.25
21.5,546.0
21.5,573.0
21.55,560.75
21.6,524.0
21.6,537.0
21.625,548.75
21.7,541.5
21.64,549.4
21.7,509.0
21.675,523.75
21.7,559.5
21.6333333333333,549.25
21.6666666666667,525.333333333333
21.7,535.5
21.7,545.5
21.7,551.0
21.7225,586.0
21.745,581.75
21.76,557.666666666667
21.79,571.0
21.79,555.5
21.7675,525.25
21.7675,543.75
21.79,563.5
21.79,551.666666666667
21.79,531.0
21.76,553.333333333333
21.79,531.5
21.79,546.5
21.79,524.0
21.79,509.0
21.823333333333302,537.666666666667
21.89,524.0
21.815,543.25
21.89,534.666666666667
21.89,526.0
21.89,522.0
21.89,549.5
21.89,547.75
21.89,552.333333333333
21.945,551.0
22.0,538.333333333333
22.0,555.25
22.0,570.0
22.0,570.0
22.0,535.5
22.0,559.333333333333
22.0,566.0
22.05,557.25
22.0666666666667,562.0
22.1,566.25
22.1,567.666666666667
22.1,562.0
22.1,562.0
22.1,554.333333333333
22.125,556.75
22.15,555.0
22.1666666666667,543.666666666667
22.2,547.0
22.2,539.0
22.2,539.0
22.2,539.0
22.2,538.0
22.2,541.75
22.2,530.5
22.175,534.25
22.2,519.0
22.2,526.75
22.2,512.0
22.2,513.5
22.1333333333333,498.666666666667
22.1666666666667,528.0
22.175,528.0
22.2,513.0
22.2,523.5
22.2,523.5
22.2,526.0
22.2,523.5
22.2,528.75
22.2,528.75
22.2,528.666666666667
22.2,518.0
22.175,518.0
22.1666666666667,518.0
22.175,513.5
22.2,513.5
22.2,518.75
22.2,519.0
22.2,509.0
22.2,509.0
22.2,512.75
22.2,509.0
22.2,509.0
22.2,508.75
22.15,514.0
22.2,514.0
22.1666666666667,509.0
22.125,499.0
22.1,499.0
22.1,499.0
22.1,499.0
22.1,496.5
22.1,499.0
22.1,490.666666666667
22.1,504.0
22.1,500.25
22.1,499.0
22.1,496.5
22.1,489.0
22.1,489.0
22.075,489.0
22.1,481.5
22.05,484.0
22.0666666666667,487.333333333333
22.075,484.0
22.033333333333303,487.333333333333
22.1,484.0
22.1,494.0
22.1,494.0
22.1,490.25
22.1,479.0
22.1,486.5
22.1,479.0
22.1,479.0
22.1,479.0
22.1,479.0
22.1,479.0
22.1,479.0
22.1,479.0
22.1,475.25
22.1,471.5
22.0666666666667,464.0
22.075,467.75
22.05,474.5
22.0,474.5
22.0,478.0
22.0,474.5
22.0,474.5
22.0,478.0
22.0083333333333,478.3
22.016666666666698,478.6
22.0,477.0
21.9725,473.0
22.0,469.0
22.0,469.0
22.0,469.0
22.0,469.0
22.0,469.0
22.0,469.0
22.0,469.0
21.963333333333303,469.0
21.9725,469.0
21.963333333333303,469.0
21.89,469.0
21.89,469.0
21.9175,469.0
21.89,469.0
21.89,469.0
21.89,469.0
21.89,469.0
21.89,461.5
21.89,454.0
21.89,454.0
21.89,454.0
21.89,454.0
21.865,459.25
21.89,468.0
21.865,464.5
21.79,468.0
21.84,464.5
21.79,464.5
21.76,468.0
21.745,457.0
21.79,464.5
21.745,453.25
21.73,453.0
21.7225,454.75
21.7225,460.0
21.7,460.0
21.73,460.0
21.7225,460.0
21.745,460.0
21.79,460.0
21.79,460.0
21.79,460.0
21.7675,460.0
21.7675,460.0
21.79,460.0
21.79,460.0
21.79,460.0
21.7675,444.0
21.76,449.333333333333
21.7225,444.0
21.745,444.0
21.7,444.0
21.745,444.0
21.7225,444.0
21.79,444.0
21.79,444.0
21.7675,444.0
21.79,444.0
21.79,444.0
21.7675,444.0
21.79,444.0
21.7675,444.0
21.7675,444.0
21.79,447.4
21.79,450.666666666667
21.79,449.0
21.79,438.0
21.79,438.0
21.79,438.0
21.79,441.0
21.79,437.25
21.84,436.5
21.84,429.0
21.79,432.75
21.79,438.0
21.79,438.0
21.745,438.0
21.7225,438.0
21.7,441.0
21.7,438.0
21.7,438.0
21.7,447.0
21.7,447.0
21.7,447.0
21.7,441.4
21.7,447.0
21.7,443.5
21.7,433.0
21.6666666666667,433.0
21.625,433.0
21.6,433.0
21.6,433.0
21.6,433.0
21.6,433.0
21.6,433.0
21.6,433.0
21.6,433.0
21.6,433.0
21.6,433.0
21.6,433.0
21.6,433.0
21.625,433.0
21.65,433.0
21.6666666666667,433.0
21.65,433.0
21.675,433.0
21.7,433.0
21.7,433.0
21.6333333333333,433.0
21.675,433.0
21.7,433.0
21.7,433.0
21.625,433.0
21.65,433.0
21.65,433.0
21.7,433.0
21.7,433.0
21.7,433.0
21.7,433.0
21.7,433.0
21.7,433.0
21.7,433.0
21.7,426.0
21.7,0.0
21.675,0.0
21.65,0.0
21.6,0.0
21.533333333333303,0.0
21.5,0.0
21.5,0.0
21.5,0.0
21.5,0.0
21.5,0.0
21.445,0.0
21.39,0.0
21.39,0.0
21.39,0.0
21.39,0.0
21.39,0.0
21.323333333333302,0.0
21.323333333333302,0.0
21.29,0.0
21.29,0.0
21.29,0.0
21.2,0.0
21.2,0.0
21.2,0.0
21.2,0.0
21.175,0.0
21.1,0.0
21.1,0.0
21.1,0.0
21.1,0.0
21.1,0.0
21.05,0.0
21.0,0.0
21.0,0.0
21.0,0.0
21.0,0.0
21.0,0.0
21.0,0.0
21.0,0.0
20.89,0.0
20.926666666666698,0.0
21.0,0.0
21.0,0.0
21.0,0.0
20.89,0.0
21.0,0.0
20.89,0.0
20.89,0.0
20.89,0.0
20.89,0.0
20.945,0.0
20.89,0.0
20.89,0.0
21.0,0.0
20.945,0.0
20.963333333333303,0.0
20.945,0.0
21.0,0.0
20.89,0.0
20.89,0.0
20.79,0.0
20.84,0.0
20.79,0.0
20.79,0.0
20.79,0.0
20.7,0.0
20.79,0.0
20.745,0.0
20.7,0.0
20.7,0.0
20.7,0.0
20.7,0.0
20.7,0.0
20.7,0.0
20.6333333333333,0.0
20.6,0.0
20.6,0.0
20.6,0.0
20.6,0.0
20.6,0.0
20.6333333333333,0.0
20.6,0.0
20.6,0.0
20.65,0.0
20.6,0.0
20.5,0.0
20.5,0.0
20.5,0.0
20.39,0.0
20.34,0.0
20.39,0.0
20.39,0.0
20.39,0.0
20.39,0.0
20.5,0.0
20.5,0.0
20.445,0.0
20.39,0.0
20.39,0.0
20.5,0.0
20.445,0.0
20.39,0.0
20.39,0.0
20.445,0.0
20.5,0.0
20.5,0.0
20.5,0.0
20.5,0.0
20.5,0.0
20.5,0.0
20.39,0.0
20.39,0.0
20.39,0.0
20.39,0.0
20.39,0.0
20.39,0.0
20.39,0.0
20.39,0.0
20.39,0.0
20.39,0.0
20.39,0.0
20.39,0.0
20.445,0.0
20.5,0.0
20.5,0.0
20.445,0.0
20.39,0.0
20.39,0.0
20.39,0.0
20.39,0.0
20.39,0.0
20.39,0.0
20.39,0.0
20.39,0.0
20.39,0.0
20.29,0.0
20.29,0.0
20.29,0.0
20.29,0.0
20.29,0.0
20.2675,0.0
20.245,0.0
20.245,0.0
20.29,0.0
20.245,0.0
20.29,0.0
20.29,0.0
20.29,0.0
20.29,0.0
20.29,0.0
20.26,0.0
20.29,0.0
20.29,0.0
20.29,0.0
20.29,0.0
20.29,0.0
20.29,0.0
20.29,0.0
20.29,0.0
20.245,0.0
20.2,0.0
20.2,0.0
20.29,0.0
20.2,0.0
20.2,0.0
20.2,0.0
20.15,0.0
20.2,0.0
20.2,0.0
20.2,0.0
20.15,0.0
20.2,0.0
20.2,0.0
20.2,0.0
20.2,0.0
20.2,0.0
20.2,0.0
20.2,0.0
20.2,0.0
20.2,0.0
20.2,0.0
20.2,0.0
20.2,0.0
20.2,0.0
20.15,0.0
20.2,0.0
20.2,0.0
20.2,0.0
20.2,0.0
20.15,0.0
20.1333333333333,0.0
20.15,0.0
20.1666666666667,0.0
20.2,0.0
20.2,0.0
20.1,0.0
20.2,0.0
20.2,0.0
20.2,0.0
20.15,0.0
20.2,0.0
20.2,0.0
20.2,0.0
20.2,0.0
20.2,0.0
20.2,0.0
20.2,0.0
20.2,0.0
20.2,0.0
20.2,0.0
20.2,0.0
20.15,0.0
20.1666666666667,0.0
20.2,0.0
20.2,0.0
20.2,0.0
20.2,0.0
20.2,0.0
20.2,0.0
20.2,0.0
20.2,0.0
20.2,0.0
20.1,0.0
20.2,0.0
20.2,0.0
20.2,0.0
20.15,0.0
20.15,0.0
20.1333333333333,0.0
20.05,0.0
20.05,0.0
20.0,0.0
20.1,0.0
20.1,0.0
20.1,0.0
20.05,0.0
20.05,0.0
20.05,0.0
20.0,0.0
20.0,0.0
20.0,0.0
20.1,0.0
20.0,0.0
20.0,0.0
20.1,0.0
19.945,0.0
20.0,0.0
20.0,0.0
20.0,0.0
20.0,0.0
20.0,0.0
20.0666666666667,0.0
20.05,0.0
20.1,0.0
20.1,0.0
20.05,0.0
20.1,0.0
20.1,0.0
20.05,0.0
20.0,0.0
20.0,0.0
20.0,0.0
20.0,0.0
20.0,0.0
20.0,0.0
20.0,0.0
20.0,0.0
20.1,0.0
20.0,0.0
20.05,0.0
20.05,0.0
20.05,0.0
20.0,0.0
20.0,0.0
20.0,0.0
20.0,0.0
20.0,0.0
20.0,0.0
20.0,0.0
20.0,0.0
20.0,0.0
20.0,0.0
20.0,0.0
19.945,0.0
20.0,0.0
20.0,0.0
20.0,0.0
20.0,0.0
20.0,0.0
20.0,0.0
20.0,0.0
20.0,0.0
20.0,0.0
20.033333333333303,0.0
20.0,0.0
20.0,0.0
20.0,0.0
20.0,0.0
20.0,0.0
19.945,0.0
20.0,0.0
20.0,0.0
20.0,0.0
20.0,0.0
20.0,0.0
20.0,0.0
19.926666666666698,0.0
19.89,0.0
19.79,0.0
19.89,0.0
19.89,0.0
19.89,0.0
19.89,0.0
19.89,0.0
19.89,0.0
19.89,0.0
19.89,0.0
19.89,0.0
20.0,0.0
20.0,0.0
20.0,0.0
20.0,0.0
20.0,0.0
20.0,0.0
20.0,0.0
20.0,0.0
20.0,0.0
20.0,0.0
20.0,0.0
20.0,0.0
19.945,0.0
19.945,0.0
20.0,0.0
20.0,0.0
20.0,0.0
20.0,0.0
20.0,0.0
20.0,0.0
20.0,0.0
20.0,0.0
20.0666666666667,0.0
20.1,0.0
20.0,0.0
20.0,0.0
19.945,0.0
19.89,0.0
19.89,0.0
19.89,0.0
19.89,0.0
20.0,0.0
20.0,0.0
20.0,0.0
20.0,0.0
20.0,0.0
19.9725,0.0
20.0,0.0
20.0,0.0
20.0,0.0
20.0,0.0
20.0,0.0
20.0,0.0
20.0,0.0
20.0,0.0
20.0,0.0
20.0,0.0
20.0,0.0
20.0,0.0
20.0,0.0
20.0,0.0
20.0,0.0
20.0,0.0
20.0,0.0
20.0,0.0
20.0,0.0
20.0,0.0
20.0,0.0
20.0,0.0
20.0,0.0
20.0,0.0
20.0,0.0
20.0,0.0
20.0,0.0
20.0,0.0
20.0,0.0
20.0,0.0
20.0,0.0
20.0,0.0
20.0,0.0
20.05,0.0
20.0,0.0
20.0,0.0
20.0,0.0
20.05,0.0
20.0,0.0
20.0,0.0
20.0,0.0
20.0,0.0
20.0,0.0
20.0,0.0
20.0,0.0
20.0,0.0
20.0,0.0
20.0,0.0
20.0,0.0
20.0,0.0
20.0,0.0
20.0,0.0
20.0,0.0
20.0,0.0
20.05,0.0
20.033333333333303,0.0
20.0,0.0
20.0,0.0
20.0,0.0
19.945,0.0
19.89,0.0
20.0,0.0
19.945,0.0
20.0,0.0
20.0,0.0
20.0,0.0
20.0,0.0
20.0,0.0
19.945,0.0
19.945,0.0
19.945,0.0
19.945,0.0
20.0,0.0
20.0,0.0
20.0,0.0
20.0,0.0
19.926666666666698,0.0
19.945,0.0
20.0,0.0
20.0,0.0
19.945,0.0
19.945,0.0
19.945,0.0
19.926666666666698,0.0
20.0,0.0
20.0,0.0
19.963333333333303,0.0
19.945,0.0
19.89,0.0
20.0,0.0
19.945,0.0
19.926666666666698,0.0
19.89,0.0
19.89,0.0
19.89,0.0
19.89,0.0
19.89,0.0
19.89,0.0
19.89,0.0
19.89,0.0
19.89,0.0
19.89,0.0
19.89,0.0
19.89,0.0
19.89,0.0
19.89,0.0
19.89,0.0
19.89,0.0
19.89,0.0
19.89,0.0
19.89,0.0
19.89,0.0
19.89,0.0
19.89,0.0
19.89,0.0
19.89,0.0
19.89,0.0
19.89,0.0
19.89,0.0
19.89,0.0
19.89,0.0
19.89,0.0
19.89,0.0
19.89,0.0
19.89,0.0
19.84,0.0
19.79,0.0
19.89,0.0
19.89,0.0
19.84,0.0
19.89,0.0
19.89,0.0
19.89,0.0
19.89,0.0
19.89,0.0
19.89,0.0
19.89,0.0
19.89,0.0
19.89,0.0
19.89,0.0
19.89,0.0
19.89,0.0
19.89,0.0
19.89,0.0
19.89,0.0
19.89,0.0
19.89,0.0
19.89,0.0
19.89,0.0
19.89,0.0
19.89,0.0
19.89,0.0
19.89,0.0
19.89,0.0
19.89,0.0
19.89,0.0
19.89,0.0
19.89,0.0
19.89,0.0
19.89,0.0
19.89,0.0
19.89,0.0
19.89,0.0
19.89,0.0
19.89,0.0
19.89,0.0
19.89,0.0
19.89,0.0
19.79,0.0
19.89,0.0
19.89,0.0
19.89,0.0
19.79,0.0
19.89,0.0
19.89,0.0
19.89,0.0
19.89,0.0
19.84,0.0
19.79,0.0
19.79,0.0
19.79,0.0
19.79,0.0
19.79,0.0
19.79,0.0
19.89,0.0
19.84,0.0
19.856666666666698,0.0
19.79,0.0
19.79,0.0
19.79,0.0
19.84,0.0
19.79,0.0
19.84,0.0
19.79,0.0
19.79,0.0
19.79,0.0
19.79,0.0
19.79,0.0
19.89,0.0
19.79,0.0
19.79,0.0
19.79,0.0
19.79,0.0
19.79,0.0
19.79,0.0
19.79,0.0
19.84,0.0
19.79,0.0
19.79,0.0
19.79,0.0
19.79,0.0
19.745,0.0
19.79,0.0
19.79,0.0
19.79,0.0
19.79,0.0
19.79,0.0
19.79,0.0
19.79,0.0
19.79,0.0
19.79,0.0
19.79,0.0
19.79,0.0
19.79,0.0
19.79,0.0
19.79,0.0
19.79,0.0
19.79,0.0
19.79,0.0
19.79,0.0
19.79,0.0
19.79,0.0
19.79,0.0
19.79,0.0
19.79,0.0
19.79,0.0
19.79,0.0
19.79,0.0
19.79,0.0
19.79,0.0
19.79,0.0
19.79,0.0
19.79,0.0
19.79,0.0
19.79,0.0
19.79,0.0
19.79,0.0
19.79,0.0
19.79,0.0
19.79,0.0
19.79,0.0
19.79,0.0
19.79,0.0
19.79,0.0
19.79,0.0
19.84,0.0
19.79,0.0
19.79,0.0
19.79,0.0
19.79,0.0
19.79,0.0
19.79,0.0
19.79,0.0
19.79,0.0
19.79,0.0
19.79,0.0
19.79,0.0
19.79,0.0
19.79,0.0
19.79,0.0
19.79,0.0
19.79,0.0
19.79,0.0
19.79,0.0
19.79,0.0
19.79,0.0
19.79,0.0
19.79,0.0
19.79,0.0
19.79,0.0
19.79,0.0
19.79,0.0
19.79,0.0
19.79,0.0
19.745,0.0
19.79,0.0
19.79,0.0
19.7,0.0
19.7,0.0
19.745,0.0
19.79,0.0
19.79,0.0
19.745,0.0
19.745,0.0
19.79,0.0
19.79,0.0
19.7,0.0
19.76,0.0
19.73,0.0
19.745,0.0
19.7,0.0
19.7225,0.0
19.7,0.0
19.745,0.0
19.79,0.0
19.73,0.0
19.79,0.0
19.79,0.0
19.79,0.0
19.79,0.0
19.79,0.0
19.79,0.0
19.745,0.0
19.7,0.0
19.745,0.0
19.79,0.0
19.79,0.0
19.745,0.0
19.79,0.0
19.745,0.0
19.79,0.0
19.7,0.0
19.7675,0.0
19.79,0.0
19.79,0.0
19.745,0.0
19.7,0.0
19.745,0.0
19.745,0.0
19.79,0.0
19.79,0.0
19.79,0.0
19.79,0.0
19.79,0.0
19.79,0.0
19.79,0.0
19.79,0.0
19.79,0.0
19.79,0.0
19.79,0.0
19.79,0.0
19.79,0.0
19.79,0.0
19.79,0.0
19.76,0.0
19.79,0.0
19.76,0.0
19.79,0.0
19.745,0.0
19.79,0.0
19.745,0.0
19.73,0.0
19.745,0.0
19.7,0.0
19.7,0.0
19.7,0.0
19.7,0.0
19.7,0.0
19.745,0.0
19.7,0.0
19.7,0.0
19.7,0.0
19.7,0.0
19.7,0.0
19.7,0.0
19.7,0.0
19.7,0.0
19.7,0.0
19.7,0.0
19.7,0.0
19.7,0.0
19.745,0.0
19.7225,0.0
19.7,0.0
19.7,0.0
19.7,0.0
19.79,0.0
19.7,0.0
19.7,0.0
19.7,0.0
19.7,0.0
19.7,0.0
19.7,0.0
19.7,0.0
19.7,0.0
19.7,0.0
19.7,0.0
19.7,0.0
19.7,0.0
19.7,0.0
19.7,0.0
19.7,0.0
19.65,0.0
19.7,0.0
19.7,0.0
19.7,0.0
19.7,0.0
19.7,0.0
19.7,0.0
19.7,0.0
19.7,0.0
19.7,0.0
19.7,0.0
19.7,0.0
19.745,0.0
19.76,0.0
19.745,0.0
19.79,0.0
19.79,0.0
19.79,0.0
19.7675,0.0
19.79,0.0
19.79,0.0
19.79,0.0
19.73,0.0
19.745,0.0
19.7,0.0
19.745,0.0
19.745,0.0
19.7,0.0
19.79,0.0
19.7,0.0
19.7,0.0
19.7,0.0
19.7,0.0
19.7,0.0
19.7,0.0
19.7,0.0
19.7,0.0
19.6666666666667,0.0
19.7,0.0
19.7,0.0
19.65,0.0
19.7,0.0
19.6666666666667,0.0
19.6666666666667,0.0
19.7,0.0
19.65,0.0
19.6,0.0
19.7,0.0
19.65,0.0
19.6666666666667,0.0
19.65,0.0
19.6,0.0
19.7,0.0
19.7,0.0
19.7,0.0
19.7,0.0
19.65,0.0
19.7,0.0
19.65,0.0
19.7,0.0
19.7,0.0
19.7,0.0
19.7,0.0
19.7,0.0
19.65,0.0
19.7,0.0
19.7,0.0
19.7,0.0
19.7,0.0
19.6,0.0
19.7,0.0
19.7,0.0
19.7,0.0
19.7,0.0
19.7,0.0
19.7,0.0
19.7,0.0
19.7,0.0
19.65,0.0
19.7,0.0
19.7,0.0
19.65,0.0
19.6,0.0
19.7,0.0
19.7,0.0
19.7,0.0
19.6,0.0
19.6,0.0
19.6,0.0
19.6,0.0
19.575,0.0
19.6,0.0
19.6,0.0
19.6,0.0
19.6,0.0
19.6,14.0
19.6,14.0
19.6,14.0
19.6,14.0
19.6,14.0
19.6,14.0
19.6,9.33333333333333
19.6,10.5
19.6,7.0
19.6,9.33333333333333
19.6,7.0
19.6333333333333,9.33333333333333
19.6,7.0
19.625,10.0
19.6,13.5
19.6,11.5
19.65,6.0
19.7,6.0
19.675,6.0
19.675,6.0
19.7,12.0
19.675,24.0
19.7,24.0
19.7,24.0
19.68,24.0
19.7,14.0
19.675,14.0
19.6666666666667,17.3333333333333
19.7,18.5
19.7,20.3333333333333
19.7,26.5
19.7,26.5
19.7,26.5
19.6333333333333,22.0
19.7,13.0
19.7,22.0
19.6666666666667,31.0
19.675,31.0
19.7,31.0
19.675,31.0
19.6333333333333,31.0
19.675,31.0
19.6666666666667,42.3333333333333
19.65,48.0
19.65,48.0
19.6333333333333,38.3333333333333
19.625,33.5
19.6,38.3333333333333
19.6,33.5
19.6,40.75
19.6,41.5
19.575,38.75
19.575,55.0
19.575,67.75
19.6,81.6666666666667
19.6333333333333,82.6666666666667
19.65,89.75
19.7,96.0
19.7675,93.5
19.79,93.5
19.79,91.5
19.89,103.0
19.89,107.25
19.926666666666698,110.0
19.945,112.0
20.0,116.0
20.0,119.5
20.0,126.333333333333
20.0,133.0
20.0666666666667,133.0
20.1,130.5
20.1333333333333,137.666666666667
20.15,137.75
20.1333333333333,143.333333333333
20.2,141.6
20.2675,151.75
20.2675,152.0
20.29,157.0
20.29,153.0
20.365,165.5
20.39,168.0
20.39,173.333333333333
20.39,166.25
20.445,170.5
20.5,172.5
20.5,175.333333333333
20.525,181.5
20.55,188.5
20.6,190.0
20.6,196.666666666667
20.65,199.0
20.7,215.0
20.7,611.5
20.7,1546.33333333333
20.745,1451.75
20.76,829.0
20.79,251.25
20.79,205.5
20.79,220.75
20.823333333333302,224.666666666667
20.815,205.0
20.84,219.0
20.89,212.0
20.89,230.25
20.89,241.333333333333
20.963333333333303,204.333333333333
20.9725,183.25
20.963333333333303,229.0
21.0,206.5
21.0,204.0
21.0,257.25
21.0,257.0
21.075,257.0
21.125,253.0
21.1,270.33333333333303
21.1333333333333,269.0
21.15,265.5
21.2,270.0
21.2,271.0
21.2675,258.0
21.29,267.0
21.29,270.33333333333303
21.29,258.75
21.315,269.0
21.365,262.5
21.356666666666698,275.33333333333303
21.39,271.25
21.4175,288.25
21.39,291.0
21.5,287.25
21.5,283.33333333333303
21.5,290.5
21.5,290.25
21.5,303.0
21.55,300.5
21.6,297.0
21.6,300.5
21.6,307.66666666666697
21.7,306.75
21.7,305.0
21.7,304.0
21.7,305.0
21.7,317.33333333333303
21.745,300.5
21.745,324.75
21.79,314.0
21.79,316.75
21.84,327.5
21.856666666666698,311.33333333333303
21.89,328.5
21.89,327.0
21.89,324.0
21.89,329.33333333333303
21.89,330.25
21.945,321.25
22.0,334.75
22.0,333.0
22.0,334.75
22.033333333333303,345.0
22.0666666666667,335.33333333333303
22.1,336.5
22.1,342.0
22.1,335.33333333333303
22.1,288.75
22.1,351.333333333333
22.1,348.0
22.1,351.0
22.1,351.0
22.15,351.0
22.2,355.5
22.2,333.0
22.2,337.5
22.2,350.25
22.245,347.5
22.29,352.333333333333
22.272,350.4
22.29,357.5
22.29,353.0
22.34,344.0
22.356666666666698,350.0
22.34,337.75
22.365,333.5
22.39,338.0
22.365,353.0
22.356666666666698,342.0
22.39,351.5
22.39,350.0
22.39,362.0
22.4175,355.75
22.4175,342.5
22.445,353.0
22.5,344.0
22.5,357.5
22.5,353.0
22.5,334.0
22.533333333333303,331.0
22.55,346.0
22.525,341.0
22.5,331.0
22.55,354.25
22.575,349.75
22.6,364.5
22.6,356.0
22.6,349.75
22.6,357.333333333333
22.6,354.25
22.6,357.333333333333
22.6,336.33333333333303
22.6,359.75
22.65,358.0
22.6666666666667,355.0
22.7,349.0
22.7,358.0
22.7,349.0
22.7,352.666666666667
22.7,345.5
22.7225,347.25
22.7225,360.0
22.7,360.0
22.79,343.0
22.76,343.0
22.79,343.0
22.76,344.333333333333
22.79,339.5
22.79,339.5
22.79,357.5
22.79,354.0
22.79,334.0
22.815,334.5
22.815,336.0
22.856666666666698,334.0
22.89,352.25
22.89,338.33333333333303
22.865,340.5
22.89,333.0
22.89,337.2
22.89,336.0
22.89,334.5
22.9175,342.75
22.89,342.75
22.89,341.0
22.89,341.0
22.89,318.5
22.89,337.0
22.89,314.66666666666697
22.9175,298.75
22.945,312.25
22.945,321.5
22.926666666666698,317.0
22.9725,319.75
22.9725,310.75
23.0,313.5
22.9725,313.5
23.0,310.0
23.0,310.0
23.0,310.0
23.0,308.75
23.0,308.75
23.033333333333303,318.33333333333303
23.033333333333303,312.33333333333303
23.0,308.5
23.02,317.5
23.033333333333303,308.5
23.025,306.75
23.04,321.25
23.0666666666667,305.0
23.05,315.0
23.1,310.5
23.0666666666667,297.0
23.0666666666667,297.0
23.1,310.5
23.075,310.5
23.1,303.0
23.1,312.66666666666697
23.075,291.0
23.1,288.0
23.1,291.0
23.1,301.0
23.1,292.0
23.1,302.0
23.1,293.5
23.1,302.0
23.1,285.0
23.1,285.0
23.1,285.0
23.1,283.25
23.1,288.66666666666697
23.1,278.75
23.1,279.75
23.1,283.25
23.1,271.0
23.1,268.0
23.1,268.25
23.1,266.0
23.1,270.25
23.1,268.5
23.1,272.0
23.1,274.0
23.1,265.0
23.1,265.0
23.1,267.33333333333303
23.075,243.75
23.0666666666667,265.0
23.075,263.5
23.1,262.0
23.075,260.5
23.1,252.0
23.075,259.0
23.075,250.0
23.1,241.0
23.075,248.25
23.075,261.0
23.075,252.0
23.05,243.0
23.025,239.75
23.0,241.333333333333
23.0,232.5
23.025,224.75
23.0,221.666666666667
23.0,199.0
23.0,206.25
23.0,186.0
23.0,189.0
23.0,189.0
22.963333333333303,189.0
22.9725,181.5
22.9725,198.0
22.945,180.0
22.9175,193.5
22.9175,188.5
22.926666666666698,202.0
22.89,187.5
22.89,205.0
22.89,201.5
22.89,193.75
22.89,171.75
22.79,157.0
22.823333333333302,139.333333333333
22.79,164.666666666667
22.79,150.0
22.76,149.666666666667
22.7225,154.0
22.73,160.666666666667
22.7,143.25
22.7,151.0
22.7,153.333333333333
22.7,157.0
22.7,144.75
22.7,115.0
22.65,131.0
22.6,140.0
22.6,167.666666666667
22.6,168.75
22.6,176.0
22.6,163.0
22.6,170.0
22.6,163.25
22.6,151.0
22.6,140.666666666667
22.6,138.5
22.6,142.5
22.6,139.0
22.6,158.5
22.55,157.0
22.6,148.0
22.55,139.0
22.5,139.0
22.5,151.75
22.5,142.0
22.5,126.5
22.5,120.0
22.4725,123.0
22.445,121.5
22.5,117.0
22.4725,126.0
22.39,124.0
22.39,123.0
22.39,138.0
22.39,116.0
22.39,122.75
22.39,128.25
22.365,126.5
22.356666666666698,119.0
22.39,110.0
22.39,125.0
22.365,116.0
22.29,119.0
22.29,116.0
22.34,107.0
22.29,107.0
22.29,118.0
22.29,100.0
22.29,100.0
22.29,100.0
22.29,100.0
22.2225,99.5
22.2,87.0
22.2,87.0
22.2,105.0
22.2,105.0
22.175,90.5
22.15,97.75
22.175,93.25
22.15,87.0
22.1,87.0
22.1333333333333,87.0
22.125,70.0
22.1,89.3333333333333
22.1,91.75
22.1,81.0
22.1,81.0
22.1,76.5
22.05,63.0
22.0666666666667,82.3333333333333
22.025,77.5
22.0,77.5
22.0,78.5
22.0,74.0
21.963333333333303,74.0
21.9725,74.0
21.9725,69.75
21.89,57.0
21.89,69.75
21.89,68.0
21.89,68.0
21.89,64.4
21.856666666666698,62.0
21.865,68.0
21.865,68.0
21.823333333333302,50.0
21.84,57.25
21.79,64.5
21.79,64.5
21.79,52.0
21.745,54.5
21.745,62.0
21.745,62.0
21.7,44.0
21.7,51.0
21.7,62.6666666666667
21.7,58.0
21.6666666666667,44.0
21.7,44.0
21.65,44.0
21.6,51.0
21.6,53.75
21.6,45.3333333333333
21.6,47.75
21.6,55.0
21.5666666666667,55.0
21.55,50.5
21.5,37.0
21.5,37.0
21.5,37.0
21.5,37.0
21.5,37.0
21.5,37.0
21.5,37.0
21.445,37.0
21.39,37.0
21.39,43.75
21.39,33.5
21.39,38.3333333333333
21.365,33.5
21.365,33.5
21.29,48.0
21.29,33.5
21.29,40.75
21.323333333333302,48.0
21.29,48.0
21.29,48.0
21.29,42.3333333333333
21.272,39.5
21.26,40.75
21.2225,32.25
21.2,36.5
21.2,31.0
21.2,37.0
21.2,19.0
21.2,31.0
21.15,31.0
21.2,22.0
21.1,19.75
21.1,26.5
21.125,19.0
21.1,24.0
21.1,24.0
21.075,24.0
21.033333333333303,24.0
21.075,24.0
21.033333333333303,24.0
21.0,24.0
21.0,24.0
21.0,24.0
21.0,24.0
21.0,12.0
20.945,6.0
20.89,6.0
20.9175,6.0
20.89,6.0
20.89,6.0
20.856666666666698,6.0
20.89,11.5
20.865,13.5
20.89,10.0
20.856666666666698,9.33333333333333
20.856666666666698,9.33333333333333
20.815,7.0
20.815,7.0
20.79,7.0
20.79,10.5
20.79,14.0
20.79,14.0
20.79,10.5
20.79,14.0
20.79,14.0
20.79,14.0
20.7225,14.0
20.7225,14.0
20.7225,14.0
20.7,14.0
20.7,14.0
20.7,14.0
20.7,14.0
20.7,14.0
20.7,14.0
20.6666666666667,14.0
20.7,14.0
20.7,14.0
20.7,4.66666666666667
20.7,0.0
20.7,0.0
20.6333333333333,0.0
20.7,0.0
20.6,0.0
20.6,0.0
20.7,0.0
20.6,0.0
20.6,0.0
20.6,0.0
20.6,0.0
20.6,0.0
20.6,0.0
20.6,0.0
20.6,0.0
20.55,0.0
20.6,0.0
20.6,0.0
20.6,0.0
20.6,0.0
20.5,0.0
20.5,0.0
20.6,0.0
20.5,0.0
20.5,0.0
20.5,0.0
20.55,0.0
20.5,0.0
20.5,0.0
20.5,0.0
20.5,0.0
20.5,0.0
20.5,0.0
20.5,0.0
20.5,0.0
20.5,0.0
20.5,0.0
20.5,0.0
20.5,0.0
20.5,0.0
20.5,0.0
20.5,0.0
20.5,0.0
20.5,0.0
20.5,0.0
20.463333333333303,0.0
20.4725,0.0
20.5,0.0
20.5,0.0
20.39,0.0
20.39,0.0
20.39,0.0
20.39,0.0
20.39,0.0
20.39,0.0
20.5,0.0
20.39,0.0
20.39,0.0
20.39,0.0
20.39,0.0
20.39,0.0
20.39,0.0
20.39,0.0
20.39,0.0
20.39,0.0
20.39,0.0
20.39,0.0
20.39,0.0
20.39,0.0
20.39,0.0
20.39,0.0
20.39,0.0
20.39,0.0
20.39,0.0
20.356666666666698,0.0
20.34,0.0
20.34,0.0
20.29,0.0
20.29,0.0
20.39,0.0
20.34,0.0
20.29,0.0
20.29,0.0
20.29,0.0
20.29,0.0
20.29,0.0
20.29,0.0
20.29,0.0
20.29,0.0
20.29,0.0
20.29,0.0
20.29,0.0
20.29,0.0
20.29,0.0
20.29,0.0
20.29,0.0
20.29,0.0
20.29,0.0
20.2,0.0
20.29,0.0
20.245,0.0
20.26,0.0
20.2,0.0
20.245,0.0
20.245,0.0
20.2,0.0
20.2,0.0
20.2,0.0
20.2,0.0
20.2,0.0
20.2,0.0
20.2,0.0
20.1,0.0
20.15,0.0
20.15,0.0
20.2,0.0
20.15,0.0
20.15,0.0
20.2,0.0
20.1,0.0
20.2,0.0
20.1,0.0
20.2,0.0
20.2,0.0
20.15,0.0
20.15,0.0
20.15,0.0
20.15,0.0
20.15,0.0
20.15,0.0
20.2,0.0
20.2,0.0
20.15,0.0
20.2,0.0
20.15,0.0
20.15,0.0
20.1,0.0
20.1333333333333,0.0
20.1,0.0
20.1,0.0
20.1,0.0
20.1,0.0
20.1,0.0
20.1,0.0
20.1,0.0
20.2,0.0
20.1,0.0
20.1,0.0
20.1,0.0
20.1,0.0
20.1,0.0
20.1,0.0
20.1,0.0
20.05,0.0
20.1,0.0
20.1,0.0
20.05,0.0
20.0666666666667,0.0
20.0,0.0
20.1,0.0
20.0666666666667,0.0
20.1,0.0
20.0,0.0
20.0,0.0
20.1,0.0
20.0,0.0
20.0,0.0
20.1,0.0
20.0,0.0
20.0,0.0
20.0,0.0
20.0,0.0
20.0,0.0
20.0,0.0
20.0,0.0
20.0,0.0
20.0,0.0
20.0,0.0
20.0,0.0
20.0,0.0
20.0,0.0
20.0,0.0
20.0,0.0
20.0,0.0
20.0,0.0
20.0,0.0
20.0,0.0
20.0,0.0
20.025,0.0
20.025,0.0
20.05,0.0
20.0,0.0
20.0,0.0
20.0,0.0
20.0,0.0
20.1,0.0
20.0,0.0
20.05,0.0
20.0,0.0
20.0,0.0
20.0,0.0
20.033333333333303,0.0
20.0,0.0
20.0,0.0
20.0,0.0
20.0,0.0
20.0,0.0
20.033333333333303,0.0
20.0,0.0
20.0,0.0
20.0,0.0
20.0,0.0
20.0,0.0
20.0,0.0
20.0,0.0
20.0,0.0
20.0,0.0
20.0,0.0
19.945,0.0
20.0,0.0
20.0,0.0
20.0,0.0
19.945,0.0
19.89,0.0
19.945,0.0
19.926666666666698,0.0
19.926666666666698,0.0
19.89,0.0
19.89,0.0
20.0,0.0
19.89,0.0
19.89,0.0
19.89,0.0
19.89,0.0
19.89,0.0
19.89,0.0
19.89,0.0
19.89,0.0
19.89,0.0
19.89,0.0
19.89,0.0
19.89,0.0
19.89,0.0
19.89,0.0
19.89,0.0
19.89,0.0
19.79,0.0
19.89,0.0
19.89,0.0
19.823333333333302,0.0
19.79,0.0
19.823333333333302,0.0
19.89,0.0
19.84,0.0
19.89,0.0
19.89,0.0
19.89,0.0
19.89,0.0
19.89,0.0
19.89,0.0
19.89,0.0
19.89,0.0
19.89,0.0
19.89,0.0
19.89,0.0
19.89,0.0
19.89,0.0
19.89,0.0
19.89,0.0
19.89,0.0
19.89,0.0
19.89,0.0
19.89,0.0
19.89,0.0
19.89,0.0
19.89,0.0
19.89,0.0
19.89,0.0
19.89,0.0
19.89,0.0
19.89,0.0
19.79,0.0
19.89,0.0
19.89,0.0
19.89,0.0
19.89,0.0
19.79,0.0
19.79,0.0
19.79,0.0
19.79,0.0
19.79,0.0
19.79,0.0
19.79,0.0
19.79,0.0
19.79,0.0
19.79,0.0
19.79,0.0
19.79,0.0
19.79,0.0
19.79,0.0
19.79,0.0
19.79,0.0
19.79,0.0
19.79,0.0
19.79,0.0
19.79,0.0
19.79,0.0
19.745,0.0
19.79,0.0
19.79,0.0
19.79,0.0
19.7,0.0
19.7,0.0
19.7,0.0
19.73,0.0
19.79,0.0
19.7,0.0
19.745,0.0
19.79,0.0
19.745,0.0
19.79,0.0
19.79,0.0
19.79,0.0
19.79,0.0
19.79,0.0
19.79,0.0
19.79,0.0
19.79,0.0
19.79,0.0
19.79,0.0
19.79,0.0
19.79,0.0
19.79,0.0
19.79,0.0
19.79,0.0
19.79,0.0
19.79,0.0
19.76,0.0
19.7,0.0
19.745,0.0
19.7,0.0
19.7,0.0
19.7,0.0
19.7,0.0
19.7,0.0
19.7,0.0
19.7,0.0
19.7,0.0
19.7,0.0
19.7,0.0
19.7,0.0
19.7,0.0
19.7,0.0
19.7,0.0
19.7,0.0
19.65,0.0
19.7,0.0
19.65,0.0
19.65,0.0
19.7,0.0
19.6,0.0
19.7,0.0
19.7,0.0
19.6,0.0
19.6666666666667,0.0
19.65,0.0
19.65,0.0
19.7,0.0
19.7,0.0
19.6,0.0
19.6,0.0
19.65,0.0
19.65,0.0
19.6,0.0
19.7,0.0
19.65,0.0
19.6,0.0
19.65,0.0
19.7,0.0
19.7,0.0
19.6,0.0
19.7,0.0
19.7,0.0
19.6666666666667,0.0
19.7,0.0
19.7,0.0
19.65,0.0
19.7,0.0
19.7,0.0
19.65,0.0
19.7,0.0
19.7,0.0
19.7,0.0
19.7,0.0
19.7,0.0
19.6666666666667,0.0
19.7,0.0
19.7,0.0
19.7,0.0
19.7,0.0
19.7,0.0
19.7,0.0
19.6,0.0
19.6666666666667,0.0
19.7,0.0
19.65,0.0
19.65,0.0
19.65,0.0
19.65,0.0
19.65,0.0
19.6,0.0
19.6,0.0
19.65,0.0
19.6,0.0
19.7,0.0
19.6,0.0
19.6333333333333,0.0
19.6,0.0
19.6,0.0
19.6,0.0
19.6,0.0
19.6,0.0
19.6,0.0
19.6,0.0
19.6,0.0
19.6,0.0
19.55,0.0
19.6,0.0
19.6,0.0
19.6,0.0
19.6,0.0
19.5,0.0
19.55,0.0
19.55,0.0
19.5,0.0
19.55,0.0
19.525,0.0
19.6,0.0
19.6,0.0
19.6,0.0
19.6,0.0
19.6,0.0
19.6,0.0
19.6,0.0
19.6,0.0
19.6,0.0
19.6,0.0
19.6,0.0
19.6,0.0
19.6,0.0
19.6,0.0
19.6,0.0
19.6,0.0
19.6,0.0
19.6,0.0
19.6,0.0
19.6,0.0
19.6,0.0
19.6,0.0
19.6,0.0
19.6,0.0
19.6,0.0
19.6,0.0
19.6,0.0
19.6,0.0
19.6,0.0
19.55,0.0
19.6,0.0
19.55,0.0
19.6,0.0
19.55,0.0
19.55,0.0
19.55,0.0
19.5,0.0
19.6,0.0
19.5,0.0
19.5,0.0
19.5,0.0
19.55,0.0
19.55,0.0
19.5,0.0
19.5,0.0
19.5,0.0
19.5,0.0
19.5,0.0
19.5,0.0
19.5,0.0
19.5,0.0
19.5,0.0
19.5,0.0
19.5,0.0
19.6,0.0
19.5,0.0
19.5,0.0
19.5,0.0
19.5,0.0
19.5,0.0
19.5,0.0
19.5,0.0
19.5,0.0
19.5,0.0
19.5,0.0
19.5,0.0
19.5,0.0
19.55,0.0
19.5,0.0
19.5,0.0
19.5,0.0
19.5,0.0
19.5,0.0
19.5,0.0
19.5,0.0
19.6,0.0
19.533333333333303,0.0
19.5,0.0
19.5,0.0
19.5666666666667,0.0
19.5666666666667,0.0
19.5666666666667,0.0
19.5,0.0
19.6,0.0
19.6,0.0
19.5,0.0
19.55,0.0
19.533333333333303,0.0
19.55,0.0
19.5,0.0
19.5,0.0
19.5,0.0
19.5,0.0
19.5,0.0
19.5666666666667,0.0
19.5,0.0
19.5,0.0
19.5,0.0
19.5,0.0
19.5,0.0
19.5,0.0
19.5,0.0
19.445,0.0
19.5,0.0
19.5,0.0
19.39,0.0
19.445,0.0
19.39,0.0
19.426666666666698,0.0
19.39,0.0
19.445,0.0
19.39,0.0
19.5,0.0
19.39,0.0
19.39,0.0
19.445,0.0
19.39,0.0
19.39,0.0
19.39,0.0
19.39,0.0
19.39,0.0
19.39,0.0
19.39,0.0
19.39,0.0
19.39,0.0
19.39,0.0
19.39,0.0
19.39,0.0
19.39,0.0
19.5,0.0
19.39,0.0
19.39,0.0
19.39,0.0
19.39,0.0
19.39,0.0
19.39,0.0
19.39,0.0
19.39,0.0
19.39,0.0
19.426666666666698,0.0
19.39,0.0
19.39,0.0
19.39,0.0
19.39,0.0
19.39,0.0
19.39,0.0
19.39,0.0
19.39,0.0
19.39,0.0
19.39,0.0
19.39,0.0
19.29,0.0
19.34,0.0
19.39,0.0
19.39,0.0
19.39,0.0
19.39,0.0
19.39,0.0
19.39,0.0
19.39,0.0
19.39,0.0
19.39,0.0
19.356666666666698,0.0
19.39,0.0
19.39,0.0
19.39,0.0
19.39,0.0
19.39,0.0
19.34,0.0
19.39,0.0
19.39,0.0
19.39,0.0
19.39,0.0
19.39,0.0
19.39,0.0
19.34,0.0
19.39,0.0
19.39,0.0
19.29,0.0
19.39,0.0
19.34,0.0
19.29,0.0
19.34,0.0
19.39,0.0
19.356666666666698,0.0
19.34,0.0
19.29,0.0
19.39,0.0
19.39,0.0
19.39,0.0
19.39,0.0
19.39,0.0
19.39,0.0
19.39,0.0
19.39,0.0
19.39,0.0
19.426666666666698,0.0
19.39,0.0
19.445,0.0
19.39,0.0
19.39,0.0
19.39,0.0
19.39,0.0
19.39,0.0
19.445,0.0
19.445,0.0
19.39,0.0
19.39,0.0
19.39,0.0
19.39,0.0
19.39,0.0
19.39,0.0
19.39,0.0
19.39,0.0
19.5,0.0
19.39,0.0
19.39,0.0
19.39,0.0
19.39,0.0
19.39,0.0
19.39,0.0
19.39,0.0
19.39,0.0
19.39,0.0
19.39,0.0
19.39,0.0
19.39,0.0
19.39,0.0
19.39,0.0
19.39,0.0
19.34,0.0
19.29,0.0
19.34,0.0
19.39,0.0
19.29,0.0
19.34,0.0
19.29,0.0
19.323333333333302,0.0
19.39,0.0
19.29,0.0
19.29,0.0
19.39,0.0
19.29,0.0
19.29,0.0
19.39,0.0
19.29,0.0
19.29,0.0
19.29,0.0
19.39,0.0
19.323333333333302,0.0
19.29,0.0
19.29,0.0
19.29,0.0
19.39,0.0
19.323333333333302,0.0
19.29,0.0
19.29,0.0
19.323333333333302,0.0
19.39,0.0
19.39,0.0
19.39,0.0
19.39,0.0
19.39,0.0
19.39,0.0
19.39,0.0
19.39,0.0
19.39,0.0
19.39,0.0
19.34,0.0
19.39,0.0
19.39,0.0
19.34,0.0
19.323333333333302,0.0
19.29,0.0
19.29,0.0
19.29,0.0
19.39,0.0
19.29,0.0
19.39,0.0
19.29,0.0
19.34,0.0
19.356666666666698,0.0
19.29,0.0
19.29,0.0
19.29,0.0
19.29,0.0
19.29,0.0
19.29,0.0
19.29,0.0
19.29,0.0
19.29,0.0
19.2,0.0
19.29,0.0
19.245,0.0
19.245,0.0
19.2,0.0
19.245,0.0
19.2,0.0
19.23,0.0
19.245,0.0
19.245,0.0
19.26,0.0
19.29,0.0
19.2,0.0
19.29,0.0
19.2,0.0
19.29,0.0
19.2,0.0
19.26,0.0
19.245,0.0
19.29,0.0
19.29,0.0
19.29,0.0
19.29,0.0
19.29,0.0
19.2,0.0
19.29,0.0
19.29,0.0
19.245,0.0
19.29,0.0
19.29,0.0
19.29,0.0
19.29,0.0
19.29,0.0
19.29,0.0
19.29,0.0
19.29,0.0
19.29,0.0
19.29,0.0
19.29,0.0
19.29,0.0
19.29,0.0
19.34,0.0
19.29,0.0
19.29,0.0
19.34,0.0
19.29,0.0
19.29,0.0
19.29,0.0
19.29,0.0
19.29,0.0
19.29,0.0
19.29,0.0
19.29,0.0
19.29,0.0
19.29,0.0
19.29,0.0
19.29,0.0
19.2,0.0
19.245,0.0
19.2,0.0
19.23,0.0
19.29,0.0
19.245,0.0
19.2,0.0
19.245,0.0
19.29,0.0
19.2,0.0
19.2,0.0
19.29,0.0
19.2,0.0
19.245,0.0
19.2,0.0
19.2,0.0
19.2,0.0
19.2,0.0
19.2,0.0
19.2,0.0
19.2,0.0
19.2,0.0
19.2225,0.0
19.2,0.0
19.245,0.0
19.2,0.0
19.23,0.0
19.2,0.0
19.29,0.0
19.26,0.0
19.2,0.0
19.2,0.0
19.245,0.0
19.2,0.0
19.2,0.0
19.2,0.0
19.2,0.0
19.2,0.0
19.2,0.0
19.2,0.0
19.2,0.0
19.29,0.0
19.2,0.0
19.2,0.0
19.2,0.0
19.2,0.0
19.245,0.0
19.2,0.0
19.245,0.0
19.26,0.0
19.26,0.0
19.2,0.0
19.2,0.0
19.2,0.0
19.2,0.0
19.2,0.0
19.2,0.0
19.2,0.0
19.2,0.0
19.2,0.0
19.2,0.0
19.2,0.0
19.1666666666667,0.0
19.2,0.0
19.1666666666667,0.0
19.2,0.0
19.1333333333333,0.0
19.2,0.0
19.2,0.0
19.15,0.0
19.1,0.0
19.1,0.0
19.1,0.0
19.1,0.0
19.1,0.0
19.1,0.0
19.1,0.0
19.1,0.0
19.1,0.0
19.1,0.0
19.1,0.0
19.1,0.0
19.1,0.0
19.05,0.0
19.0,0.0
19.0,0.0
19.0,0.0
19.0,0.0
19.0,0.0
19.1,0.0
19.1,0.0
19.1,0.0
19.1,0.0
19.1333333333333,0.0
19.15,0.0
19.1333333333333,0.0
19.1666666666667,0.0
19.2,0.0
19.2,0.0
19.2,0.0
19.2,0.0
19.2,0.0
19.2,0.0
19.2,0.0
19.2,0.0
19.29,0.0
19.245,0.0
19.2,0.0
19.2,0.0
19.245,0.0
19.2,0.0
19.2,0.0
19.2,0.0
19.26,0.0
19.29,0.0
19.23,0.0
19.2,0.0
19.245,0.0
19.245,0.0
19.26,0.0
19.29,0.0
19.2,0.0
19.23,0.0
19.2,0.0
19.2,0.0
19.2,0.0
19.29,0.0
19.23,0.0
19.245,0.0
19.245,0.0
19.245,7.0
19.26,14.0
19.2675,14.0
19.26,14.0
19.245,14.0
19.2225,14.0
19.2675,14.0
19.23,14.0
19.245,14.0
19.29,14.0
19.2225,14.0
19.23,14.0
19.2675,7.0
19.23,9.33333333333333
19.245,8.5
19.2225,10.0
19.245,17.0
19.23,20.6666666666667
19.2225,11.5
19.245,6.0
19.2,6.0
19.2225,9.6
19.245,10.5
19.245,6.0
19.2,6.0
19.2,6.0
19.2,6.0
19.2,6.5
19.23,9.33333333333333
19.2,9.33333333333333
19.2,7.0
19.2,14.0
19.2,14.0
19.2,14.0
19.2,14.0
19.2,14.0
19.2,14.0
19.2,14.0
19.2,14.0
19.2,14.0
19.2225,14.0
19.2,14.0
19.23,9.33333333333333
19.2225,12.0
19.23,12.0
19.2225,18.5
19.26,29.0
19.245,36.0
19.2675,30.5
19.2675,40.0
19.26,46.0
19.29,35.0
19.26,25.0
19.29,32.25
19.29,28.75
19.29,19.5
19.29,6.0
19.29,6.0
19.29,6.0
19.29,11.5
19.29,10.0
19.29,9.33333333333333
19.29,7.0
19.29,7.0
19.2675,13.5
19.29,20.6666666666667
19.29,17.0
19.2675,17.0
19.29,6.0
19.29,6.0
19.272000000000002,24.0
19.29,22.8
19.29,13.0
19.245,28.0
19.29,29.3333333333333
19.29,30.75
19.29,36.0
19.29,75.5
19.29,97.0
19.29,147.5
19.29,166.0
19.34,149.0
19.39,146.0
19.39,167.5
19.445,118.25
19.5,42.25
19.426666666666698,37.0
19.4725,34.25
19.463333333333303,26.0
19.463333333333303,43.0
19.434,28.0
19.39,29.25
19.39,25.5
19.412,16.6
19.39,31.0
19.39,20.3333333333333
19.39,14.0
19.4175,14.0
19.39,24.0
19.39,24.0
19.39,24.0
19.39,24.0
19.39,24.0
19.365,24.0
19.39,24.0
19.39,19.0
19.356666666666698,31.0
19.39,13.0
19.34,13.0
19.39,26.5
19.39,26.5
19.39,26.5
19.365,26.5
19.323333333333302,17.3333333333333
19.29,24.0
19.35,24.0
19.323333333333302,24.0
19.315,24.0
19.315,24.0
19.29,24.0
19.29,17.3333333333333
19.315,14.0
19.29,17.3333333333333
19.315,18.5
19.29,17.3333333333333
19.29,19.0
19.34,24.0
19.29,24.0
19.315,24.0
19.29,24.0
19.29,24.0
19.29,24.0
19.29,24.0
19.356666666666698,24.0
19.29,24.0
19.29,24.0
19.29,24.0
19.29,24.0
19.29,24.0
19.29,12.0
19.29,6.0
19.29,6.0
19.29,6.0
19.29,6.0
19.29,6.0
19.2675,6.0
19.29,6.0
19.245,24.0
19.23,24.0
19.245,24.0
19.2675,14.0
19.23,17.3333333333333
19.245,22.5
19.2675,26.5
19.245,19.75
19.26,13.0
19.245,19.75
19.26,31.0
19.2675,26.5
19.23,31.0
19.2225,26.5
19.26,22.0
19.2225,26.5
19.23,31.0
19.23,31.0
19.245,19.75
19.245,19.75
19.23,31.0
19.23,31.0
19.2225,26.5
19.245,20.25
19.245,14.0
19.245,19.0
19.23,24.0
19.2225,15.0
19.23,6.0
19.245,6.0
19.245,6.0
19.245,17.0
19.2,17.0
19.2,13.5
19.2,7.0
19.2,16.0
19.2,10.5
19.2,25.25
19.1333333333333,25.0
19.15,22.0
19.1,22.0
19.1333333333333,31.0
19.1,18.5
19.1,18.5
19.1,17.3333333333333
19.1,14.0
19.1,14.0
19.1,17.3333333333333
19.1,19.75
19.1,13.0
19.1,13.0
19.1,22.5
19.1,24.0
19.1,24.0
19.1,6.0
19.1,6.0
19.1,13.5
19.1,9.33333333333333
19.1,12.0
19.1,15.0
19.1,18.5
19.05,26.5
19.1,31.0
19.1,26.5
19.1,31.0
19.1,16.25
19.1,24.0
19.1,24.0
19.1,24.0
19.1,17.3333333333333
19.1,18.5
19.1,22.5
19.1,31.0
19.15,13.0
19.175,13.0
19.2,31.0
19.2,31.0
19.2,25.0
19.2,39.3333333333333
19.2,53.0
19.2,65.6666666666667
19.245,67.25
19.245,116.75
19.29,112.5
19.29,201.5
19.29,102.666666666667
19.315,85.75
19.29,81.0
19.365,81.5
19.39,93.6666666666667
19.39,106.0
19.39,74.0
19.39,79.5
19.39,110.0
19.39,150.25
19.39,66.6666666666667
19.39,62.5
19.426666666666698,54.0
19.4175,47.0
19.4725,62.0
19.4175,255.0
19.5,317.25
19.525,233.0
19.6,277.5
19.675,88.5
19.7,72.75
19.65,68.0
19.625,57.25
19.6666666666667,63.6666666666667
19.65,50.0
19.625,54.5
19.65,68.0
19.7,71.5
19.625,69.75
19.6333333333333,84.6666666666667
19.65,81.5
19.7,90.5
19.6,99.75
19.6333333333333,226.0
19.7,161.25
19.7,178.666666666667
19.7225,241.0
19.79,214.75
19.79,293.5
19.89,290.5
19.926666666666698,290.66666666666697
20.0,288.5
20.025,295.5
20.033333333333303,194.0
20.125,261.75
20.1333333333333,243.333333333333
20.125,247.5
20.2,256.0
20.2,192.75
20.245,252.5
20.23,287.66666666666697
20.29,279.75
20.29,253.333333333333
20.34,273.0
20.39,272.0
20.39,273.33333333333303
20.445,265.0
20.4725,265.0
20.5,265.0
20.5,265.0
20.525,265.0
20.55,262.0
20.6,259.0
20.6,257.25
20.65,256.75
20.625,247.25
20.7,175.666666666667
20.7,250.75
20.7,255.5
20.7,252.0
20.7,260.33333333333303
20.745,174.5
20.7225,97.75
20.7,252.0
20.7,215.5
20.745,164.5
20.73,97.6666666666667
20.7,237.0
20.745,153.0
20.7225,231.5
20.7,82.0
20.7,90.0
20.7,89.0
20.7,115.25
20.68,96.4
20.6,127.0
20.6,169.25
20.625,205.5
20.65,202.0
20.7,156.75
20.7,209.0
20.7,211.0
20.7,133.333333333333
20.7,197.25
20.7,147.5
20.7,171.0
20.7,152.0
20.7,77.5
20.7,74.0
20.6666666666667,123.0
20.6,151.5
20.625,182.0
20.65,199.75
20.65,201.5
20.675,179.5
20.675,195.25
20.7,157.333333333333
20.7,141.0
20.7,183.0
20.7,186.0
20.7,186.0
20.7,136.0
20.7,85.5
20.7,77.5
20.7,128.75
20.6666666666667,178.333333333333
20.7,154.25
20.7,140.5
20.7,130.0
20.7,64.25
20.675,113.0
20.6666666666667,152.333333333333
20.625,145.0
20.675,151.0
20.625,152.5
20.675,142.25
20.675,134.5
20.7,149.25
20.7,115.75
20.6666666666667,142.333333333333
20.7,130.0
20.675,145.25
20.7,157.0
20.7,106.25
20.7,82.3333333333333
20.7,72.0
20.6,95.75
20.6,112.0
20.6,110.25
20.6,85.75
20.6,59.5
20.6,115.25
20.6,74.0
20.5,74.0
20.5,81.6666666666667
20.5,63.5
20.5,86.25
20.5,63.3333333333333
20.5,59.5
20.5,65.8
20.5,81.0
20.463333333333303,69.0
20.39,108.0
20.445,57.0
20.39,68.0
20.39,73.25
20.39,98.6666666666667
20.39,59.0
20.39,54.3333333333333
20.39,100.25
20.39,100.0
20.39,67.5
20.365,59.0
20.39,72.3333333333333
20.356666666666698,70.3333333333333
20.34,69.75
20.356666666666698,85.3333333333333
20.29,79.75
20.29,76.75
20.29,85.6666666666667
20.315,59.25
20.29,62.0
20.29,48.5
20.29,48.5
20.29,59.0
20.29,60.75
20.29,44.3333333333333
20.29,64.0
20.2225,44.0
20.245,54.5
20.2,46.0
20.2,49.0
20.2,63.0
20.2,52.75
20.2,55.0
20.2,56.5
20.2,62.5
20.2,57.75
20.1333333333333,58.3333333333333
20.125,69.25
20.15,58.75
20.15,60.75
20.15,53.5
20.175,60.75
20.15,62.0
20.15,52.25
20.1,46.0
20.1,53.6666666666667
20.1,47.0
20.1,50.0
20.1,40.5
20.1,34.6666666666667
20.1,35.25
20.075,33.5
20.0666666666667,44.0
20.075,44.0
20.05,55.0
20.0,46.0
20.0,44.0
20.0,44.0
20.0,47.6666666666667
20.0,40.5
20.0,51.5
20.0,36.6666666666667
20.0,37.0
20.0,37.0
20.0,37.0
19.963333333333303,37.0
19.926666666666698,37.0
19.89,37.0
19.89,37.0
19.89,37.0
19.89,28.6666666666667
19.89,28.0
19.89,30.75
19.89,19.0
19.89,23.5
19.89,33.5
19.865,26.25
19.823333333333302,38.3333333333333
19.84,33.5
19.84,33.5
19.84,33.5
19.815,33.5
19.79,38.3333333333333
19.79,33.5
19.79,38.3333333333333
19.79,40.75
19.79,36.6666666666667
19.79,34.4
19.79,36.6666666666667
19.79,39.5
19.79,39.5
19.745,39.5
19.7225,31.0
19.7,31.0
19.7225,31.0
19.7,31.0
19.7,31.0
19.7,31.0
19.7,31.0
19.7,31.0
19.7,31.0
19.6333333333333,31.0
19.675,31.0
19.65,31.0
19.7,31.0
19.6,31.0
19.6666666666667,31.0
19.6333333333333,31.0
19.625,22.0
19.65,17.5
19.6,13.0
19.6,13.0
19.6,13.0
19.6,26.5
19.6,33.25
19.6,26.5
19.6,31.0
19.58,23.8
19.5,31.0
19.55,26.5
19.533333333333303,31.0
19.5,22.5
19.525,18.5
19.5,29.3333333333333
19.5,24.0
19.5,24.0
19.5,24.0
19.525,24.0
19.5,24.0
19.5,24.0
19.5,24.0
19.5,24.0
19.5,24.0
19.5,24.0
19.5,24.0
19.4725,24.0
19.5,10.5
19.5,6.0
19.4725,6.0
19.4175,6.0
19.39,6.0
19.4175,6.0
19.4175,6.0
19.39,6.0
19.39,6.0
19.426666666666698,6.0
19.4175,6.0
19.39,6.0
19.426666666666698,6.0
19.426666666666698,6.0
19.39,11.5
19.426666666666698,20.6666666666667
19.39,17.0
19.39,17.0
19.39,20.6666666666667
19.39,17.0
19.39,17.0
19.39,17.0
19.445,17.0
19.39,20.6666666666667
19.39,17.0
19.39,10.0
19.39,11.333333333333302
19.39,8.5
19.39,7.0
19.39,7.0
19.39,7.0
19.39,9.33333333333333
19.39,14.0
19.39,14.0
19.39,14.0
19.39,14.0
19.39,14.0
19.39,14.0
19.39,14.0
19.39,14.0
19.4175,14.0
19.39,14.0
19.39,14.0
19.39,14.0
19.39,9.33333333333333
19.426666666666698,4.66666666666667
19.39,0.0
19.39,0.0
19.39,0.0
19.445,0.0
19.39,0.0
19.39,0.0
19.39,0.0
19.39,0.0
19.39,0.0
19.39,0.0
19.39,0.0
19.39,0.0
19.463333333333303,0.0
19.39,0.0
19.39,0.0
19.39,0.0
19.39,0.0
19.39,0.0
19.39,0.0
19.39,0.0
19.39,0.0
19.34,0.0
19.34,0.0
19.29,0.0
19.29,0.0
19.34,0.0
19.29,0.0
19.29,0.0
19.29,0.0
19.34,0.0
19.34,0.0
19.323333333333302,0.0
19.29,0.0
19.29,0.0
19.29,0.0
19.29,0.0
19.29,0.0
19.29,0.0
19.29,0.0
19.29,0.0
19.29,0.0
19.29,0.0
19.29,0.0
19.29,0.0
19.29,0.0
19.34,0.0
19.29,0.0
19.34,0.0
19.29,0.0
19.34,0.0
19.39,0.0
19.34,0.0
19.34,0.0
19.39,0.0
19.39,0.0
19.39,0.0
19.39,0.0
19.39,0.0
19.39,0.0
19.39,0.0
19.323333333333302,0.0
19.39,0.0
19.39,0.0
19.29,0.0
19.29,0.0
19.29,0.0
19.29,0.0
19.29,0.0
19.29,0.0
19.29,0.0
19.29,0.0
19.29,0.0
19.29,0.0
19.29,0.0
19.245,0.0
19.26,0.0
19.2,0.0
19.2,0.0
19.2,0.0
19.2,0.0
19.2,0.0
19.29,0.0
19.245,0.0
19.245,0.0
19.23,0.0
19.2,0.0
19.2,0.0
19.2,0.0
19.2,0.0
19.23,0.0
19.2,0.0
19.2,0.0
19.2,0.0
19.245,0.0
19.29,0.0
19.29,0.0
19.29,0.0
19.29,0.0
19.29,0.0
19.29,0.0
19.29,0.0
19.315,0.0
19.29,0.0
19.29,0.0
19.34,0.0
19.39,0.0
19.39,0.0
19.39,0.0
19.39,0.0
19.39,0.0
19.39,0.0
19.39,0.0
19.39,0.0
19.29,0.0
19.29,0.0
19.29,0.0
19.29,0.0
19.39,0.0
19.29,0.0
19.29,0.0
19.29,0.0
19.29,0.0
19.29,0.0
19.29,0.0
19.29,0.0
19.29,0.0
19.29,0.0
19.29,0.0
19.39,0.0
19.34,0.0
19.315,0.0
19.34,0.0
19.39,0.0
19.39,0.0
19.39,0.0
19.39,0.0
19.39,0.0
19.39,0.0
19.39,0.0
19.39,0.0
19.39,0.0
19.39,0.0
19.39,0.0
19.39,0.0
19.39,0.0
19.39,0.0
19.39,0.0
19.39,0.0
19.39,0.0
19.39,0.0
19.39,0.0
19.39,0.0
19.39,0.0
19.426666666666698,0.0
19.39,0.0
19.39,0.0
19.39,0.0
19.39,0.0
19.39,0.0
19.39,0.0
19.39,0.0
19.39,0.0
19.39,0.0
19.39,0.0
19.39,0.0
19.39,0.0
19.39,0.0
19.39,0.0
19.39,0.0
19.39,0.0
19.39,0.0
19.39,0.0
19.39,0.0
19.39,0.0
19.39,0.0
19.39,0.0
19.39,0.0
19.39,0.0
19.39,0.0
19.39,0.0
19.39,0.0
19.39,0.0
19.39,0.0
19.39,0.0
19.39,0.0
19.39,0.0
19.39,0.0
19.39,0.0
19.39,0.0
19.39,0.0
19.39,0.0
19.39,0.0
19.39,0.0
19.39,0.0
19.39,0.0
19.39,0.0
19.445,0.0
19.39,0.0
19.445,0.0
19.39,0.0
19.39,0.0
19.39,0.0
19.39,0.0
19.39,0.0
19.426666666666698,0.0
19.426666666666698,0.0
19.39,0.0
19.39,0.0
19.463333333333303,0.0
19.39,0.0
19.39,0.0
19.5,0.0
19.39,0.0
19.5,0.0
19.445,0.0
19.426666666666698,0.0
19.463333333333303,0.0
19.5,0.0
19.5,0.0
19.39,0.0
19.39,0.0
19.5,0.0
19.5,0.0
19.5,0.0
19.463333333333303,0.0
19.5,0.0
19.5,0.0
19.445,0.0
19.5,0.0
19.5,0.0
19.445,0.0
19.445,0.0
19.5,0.0
19.5,0.0
19.5,0.0
19.5,0.0
19.5,0.0
19.5,0.0
19.5,0.0
19.5,0.0
19.5,0.0
19.5,0.0
19.5,0.0
19.5,0.0
19.5,0.0
19.5,0.0
19.5,0.0
19.5,0.0
19.5,0.0
19.5,0.0
19.5,0.0
19.5,0.0
19.5,0.0
19.5,0.0
19.5,0.0
19.5,0.0
19.5,0.0
19.5,0.0
19.5,0.0
19.5,0.0
19.5,0.0
19.5,0.0
19.5,0.0
19.6,0.0
19.5,0.0
19.5,0.0
19.5,0.0
19.5,0.0
19.5,0.0
19.5,0.0
19.5,0.0
19.5,0.0
19.5,0.0
19.5,0.0
19.5,0.0
19.5,0.0
19.5,0.0
19.5,0.0
19.5,0.0
19.5,0.0
19.5,0.0
19.5,0.0
19.5,0.0
19.5,0.0
19.5,0.0
19.5,0.0
19.5,0.0
19.5,0.0
19.5,0.0
19.5,0.0
19.5,0.0
19.5,0.0
19.5,0.0
19.5,0.0
19.5,0.0
19.5,0.0
19.5,0.0
19.5,0.0
19.5,0.0
19.5,0.0
19.5,0.0
19.5,0.0
19.5,0.0
19.5,0.0
19.5,0.0
19.5,0.0
19.5,0.0
19.5,0.0
19.5,0.0
19.5,0.0
19.5,0.0
19.5,0.0
19.5,0.0
19.5,0.0
19.5,0.0
19.5,0.0
19.5,0.0
19.5,0.0
19.5,0.0
19.5,0.0
19.5,0.0
19.5,0.0
19.5,0.0
19.5,0.0
19.5,0.0
19.5,0.0
19.5,0.0
19.5,0.0
19.5,0.0
19.5,0.0
19.5,0.0
19.5,0.0
19.5,0.0
19.5,0.0
19.5,0.0
19.5,0.0
19.5,0.0
19.5,0.0
19.5,0.0
19.5,0.0
19.5,0.0
19.463333333333303,0.0
19.5,0.0
19.5,0.0
19.5,0.0
19.463333333333303,0.0
19.5,0.0
19.5,0.0
19.5,0.0
19.5,0.0
19.5,0.0
19.5,0.0
19.5,0.0
19.5,0.0
19.5,0.0
19.5,0.0
19.5,0.0
19.5,0.0
19.5,0.0
19.5,0.0
19.5,0.0
19.5,0.0
19.5,0.0
19.5,0.0
19.5,0.0
19.5,0.0
19.5,0.0
19.5,0.0
19.5,0.0
19.5,0.0
19.5,0.0
19.5,0.0
19.5,0.0
19.5,0.0
19.5,0.0
19.5,0.0
19.5,0.0
19.5,0.0
19.5,0.0
19.5,0.0
19.5,0.0
19.5,0.0
19.5,0.0
19.5,0.0
19.5,0.0
19.5,0.0
19.5,0.0
19.5,0.0
19.5,0.0
19.5,0.0
19.5,0.0
19.5,0.0
19.5,0.0
19.5,0.0
19.5,0.0
19.5,0.0
19.5,0.0
19.5,0.0
19.5,0.0
19.5,0.0
19.5,0.0
19.5,0.0
19.5,0.0
19.5,0.0
19.5,0.0
19.5,0.0
19.5,0.0
19.5,0.0
19.5,0.0
19.5,0.0
19.5,0.0
19.5,0.0
19.426666666666698,0.0
19.39,0.0
19.445,0.0
19.445,0.0
19.39,0.0
19.445,0.0
19.39,0.0
19.39,0.0
19.39,0.0
19.39,0.0
19.39,0.0
19.39,0.0
19.39,0.0
19.39,0.0
19.39,0.0
19.39,0.0
19.39,0.0
19.39,0.0
19.39,0.0
19.39,0.0
19.39,0.0
19.39,0.0
19.39,0.0
19.39,0.0
19.39,0.0
19.39,0.0
19.39,0.0
19.39,0.0
19.39,0.0
19.39,0.0
19.5,0.0
19.39,0.0
19.39,0.0
19.39,0.0
19.39,0.0
19.39,0.0
19.39,0.0
19.39,0.0
19.39,0.0
19.39,0.0
19.39,0.0
19.39,0.0
19.39,0.0
19.39,0.0
19.5,0.0
19.463333333333303,0.0
19.39,0.0
19.445,0.0
19.39,0.0
19.463333333333303,0.0
19.5,0.0
19.39,0.0
19.463333333333303,0.0
19.39,0.0
19.5,0.0
19.39,0.0
19.445,0.0
19.5,0.0
19.463333333333303,0.0
19.445,0.0
19.445,0.0
19.445,0.0
19.5,0.0
19.445,0.0
19.39,0.0
19.39,0.0
19.39,0.0
19.39,0.0
19.39,0.0
19.39,0.0
19.39,0.0
19.39,0.0
19.39,0.0
19.39,0.0
19.39,0.0
19.34,0.0
19.34,0.0
19.39,0.0
19.29,0.0
19.34,0.0
19.356666666666698,0.0
19.39,0.0
19.39,0.0
19.39,0.0
19.39,0.0
19.39,0.0
19.39,0.0
19.39,0.0
19.39,0.0
19.39,0.0
19.39,0.0
19.39,0.0
19.39,0.0
19.39,0.0
19.39,0.0
19.39,0.0
19.39,0.0
19.445,0.0
19.39,0.0
19.39,0.0
19.39,0.0
19.39,0.0
19.39,0.0
19.39,0.0
19.39,0.0
19.39,0.0
19.39,0.0
19.39,0.0
19.39,0.0
19.39,0.0
19.39,0.0
19.39,0.0
19.39,0.0
19.39,0.0
19.39,0.0
19.39,0.0
19.39,0.0
19.39,0.0
19.39,0.0
19.39,0.0
19.39,0.0
19.39,0.0
19.39,0.0
19.39,0.0
19.39,0.0
19.39,0.0
19.39,0.0
19.39,0.0
19.39,0.0
19.39,0.0
19.39,0.0
19.39,0.0
19.39,0.0
19.39,0.0
19.39,0.0
19.39,0.0
19.445,0.0
19.39,0.0
19.39,0.0
19.39,0.0
19.39,0.0
19.463333333333303,0.0
19.445,0.0
19.39,0.0
19.5,0.0
19.5,0.0
19.426666666666698,0.0
19.39,0.0
19.445,0.0
19.39,0.0
19.39,0.0
19.39,0.0
19.39,0.0
19.39,0.0
19.39,0.0
19.39,0.0
19.39,0.0
19.39,0.0
19.39,0.0
19.39,0.0
19.39,0.0
19.356666666666698,0.0
19.356666666666698,0.0
19.29,0.0
19.29,0.0
19.34,0.0
19.29,0.0
19.29,0.0
19.29,0.0
19.29,0.0
19.29,0.0
19.29,0.0
19.29,0.0
19.29,0.0
19.34,0.0
19.34,0.0
19.34,0.0
19.39,0.0
19.34,0.0
19.29,0.0
19.39,0.0
19.39,0.0
19.39,0.0
19.39,0.0
19.39,0.0
19.39,0.0
19.39,0.0
19.39,0.0
19.39,0.0
19.39,0.0
19.39,0.0
19.34,0.0
19.34,0.0
19.34,0.0
19.39,0.0
19.29,0.0
19.39,0.0
19.39,0.0
19.39,0.0
19.39,0.0
19.39,0.0
19.356666666666698,0.0
19.39,0.0
19.39,0.0
19.34,0.0
19.39,0.0
19.39,0.0
19.29,0.0
19.34,0.0
19.39,0.0
19.34,0.0
19.39,0.0
19.356666666666698,0.0
19.39,0.0
19.39,0.0
19.39,0.0
19.39,0.0
19.39,0.0
19.39,0.0
19.39,0.0
19.39,0.0
19.39,0.0
19.29,0.0
19.39,0.0
19.39,0.0
19.29,0.0
19.29,0.0
19.29,0.0
19.29,0.0
19.29,0.0
19.29,0.0
19.29,0.0
19.29,0.0
19.29,0.0
19.29,0.0
19.29,0.0
19.29,0.0
19.29,0.0
19.29,0.0
19.29,0.0
19.29,0.0
19.29,0.0
19.29,0.0
19.29,0.0
19.29,0.0
19.29,0.0
19.29,0.0
19.29,0.0
19.29,0.0
19.29,0.0
19.29,0.0
19.29,0.0
19.29,0.0
19.29,0.0
19.29,0.0
19.34,0.0
19.323333333333302,0.0
19.29,0.0
19.29,0.0
19.29,0.0
19.29,0.0
19.29,0.0
19.29,0.0
19.29,0.0
19.29,0.0
19.29,0.0
19.29,0.0
19.29,0.0
19.39,0.0
19.34,0.0
19.39,0.0
19.39,0.0
19.39,0.0
19.39,0.0
19.39,0.0
19.39,0.0
19.39,0.0
19.39,0.0
19.39,0.0
19.39,0.0
19.39,0.0
19.39,0.0
19.39,0.0
19.445,0.0
19.445,0.0
19.39,0.0
19.5,0.0
19.5,0.0
19.445,0.0
19.5,0.0
19.5,0.0
19.5,0.0
19.5,0.0
19.5,0.0
19.5,0.0
19.5,0.0
19.5,0.0
19.5,0.0
19.6,0.0
19.5,0.0
19.5,0.0
19.5,0.0
19.5,0.0
19.5,0.0
19.5,0.0
19.5,0.0
19.5,0.0
19.5,0.0
19.5,0.0
19.463333333333303,0.0
19.39,0.0
19.426666666666698,0.0
19.39,0.0
19.39,0.0
19.39,0.0
19.39,0.0
19.39,0.0
19.39,0.0
19.39,0.0
19.39,0.0
19.39,0.0
19.39,0.0
19.39,0.0
19.39,0.0
19.39,0.0
19.39,0.0
19.39,0.0
19.39,0.0
19.39,0.0
19.445,0.0
19.39,0.0
19.39,0.0
19.445,0.0
19.426666666666698,0.0
19.5,0.0
19.5,0.0
19.5,0.0
19.5,0.0
19.5,0.0
19.5,0.0
19.5,0.0
19.5,0.0
19.5,0.0
19.5,0.0
19.445,0.0
19.39,0.0
19.39,0.0
19.39,0.0
19.39,0.0
19.39,0.0
19.39,0.0
19.39,0.0
19.39,0.0
19.39,0.0
19.39,0.0
19.39,0.0
19.39,0.0
19.39,0.0
19.39,0.0
19.39,0.0
19.39,0.0
19.34,0.0
19.39,0.0
19.39,0.0
19.39,0.0
19.29,0.0
19.29,0.0
19.29,0.0
19.29,0.0
19.29,0.0
19.29,0.0
19.39,0.0
19.39,0.0
19.29,0.0
19.29,0.0
19.29,0.0
19.29,0.0
19.29,0.0
19.29,0.0
19.34,0.0
19.29,0.0
19.29,0.0
19.323333333333302,0.0
19.34,0.0
19.29,0.0
19.29,0.0
19.29,0.0
19.29,0.0
19.34,0.0
19.29,0.0
19.29,0.0
19.29,0.0
19.34,0.0
19.29,0.0
19.29,0.0
19.29,0.0
19.29,0.0
19.29,0.0
19.323333333333302,0.0
19.34,0.0
19.39,0.0
19.39,0.0
19.39,0.0
19.39,0.0
19.39,0.0
19.39,0.0
19.445,0.0
19.39,0.0
19.39,0.0
19.39,0.0
19.445,0.0
19.39,0.0
19.39,0.0
19.445,0.0
19.39,0.0
19.5,0.0
19.445,0.0
19.5,0.0
19.426666666666698,0.0
19.5,0.0
19.39,0.0
19.426666666666698,0.0
19.39,0.0
19.39,0.0
19.39,0.0
19.5,0.0
19.426666666666698,0.0
19.5,0.0
19.39,0.0
19.5,0.0
19.5,0.0
19.5,0.0
19.5,0.0
19.445,0.0
19.463333333333303,0.0
19.5,0.0
19.5,0.0
19.445,0.0
19.445,0.0
19.5,0.0
19.445,0.0
19.39,0.0
19.39,0.0
19.445,0.0
19.5,0.0
19.445,0.0
19.445,0.0
19.5,0.0
19.5,0.0
19.5,0.0
19.5,0.0
19.5,0.0
19.5,0.0
19.5,0.0
19.5,0.0
19.5,0.0
19.5,0.0
19.5,0.0
19.5,0.0
19.5,0.0
19.5,0.0
19.5,0.0
19.5,0.0
19.5,0.0
19.5,0.0
19.5,0.0
19.5,0.0
19.5,0.0
19.5,0.0
19.5,0.0
19.5,0.0
19.5,0.0
19.5,0.0
19.5,0.0
19.5,0.0
19.5,0.0
19.5,0.0
19.5,0.0
19.5,0.0
19.5,0.0
19.5,0.0
19.6,0.0
19.5,0.0
19.6,0.0
19.5,0.0
19.5,0.0
19.533333333333303,0.0
19.5,0.0
19.5,0.0
19.5,0.0
19.5,0.0
19.533333333333303,0.0
19.5,0.0
19.525,289.75
19.5,440.0
19.525,412.0
19.525,397.0
19.525,392.5
19.5666666666667,393.666666666667
19.575,397.0
19.575,405.0
19.6333333333333,405.0
19.6666666666667,405.0
19.6333333333333,399.666666666667
19.625,393.0
19.6333333333333,393.666666666667
19.7,389.0
19.7,393.666666666667
19.745,389.0
19.7675,392.5
19.79,393.666666666667
19.79,392.5
19.79,389.0
19.84,389.0
19.89,389.0
19.89,389.0
19.9175,393.0
19.963333333333303,399.666666666667
19.945,397.0
20.0,405.0
20.0,405.0
20.0,405.0
20.05,405.0
20.1,405.0
20.1,405.0
20.1,406.75
20.1,408.5
20.2,419.0
20.125,419.0
20.15,419.0
20.175,419.0
20.2,419.0
20.215,419.0
20.23,419.0
20.29,422.5
20.29,422.5
20.29,433.0
20.29,433.0
20.29,433.0
20.29,433.0
20.39,433.0
20.3816666666667,433.0
20.373333333333303,433.0
20.39,433.0
20.39,433.0
20.39,433.0
20.39,433.0
20.39,433.0
20.445,433.0
20.4725,433.0
20.5,433.0
20.5,447.0
20.5,437.666666666667
20.5,442.5
20.5,447.0
20.5,440.0
20.5,442.333333333333
20.5,447.0
20.5,441.0
20.5,442.5
20.55,438.0
20.55,447.0
20.6,438.0
20.6,447.0
20.6,438.0
20.6333333333333,447.0
20.6,438.0
20.675,438.0
20.6,438.0
20.7,438.0
20.65,438.0
20.7,441.0
20.7,438.0
20.7,442.5
20.7,438.0
20.7,438.0
20.7,438.0
20.7,438.0
20.7225,438.0
20.7,441.75
20.7,432.75
20.7,429.0
20.745,433.5
20.79,429.0
20.79,438.0
20.79,441.0
20.79,438.0
20.79,438.0
20.79,429.0
20.79,435.0
20.79,441.0
20.79,441.0
20.79,434.0
20.79,444.0
20.815,440.25
20.823333333333302,439.0
20.865,444.0
20.84,432.75
20.89,444.0
20.89,439.0
20.89,437.25
20.89,432.75
20.89,439.0
20.89,444.0
20.89,429.0
20.89,441.0
20.89,436.5
20.89,440.25
20.945,444.0
21.0,444.0
21.0,446.75
21.0,454.0
20.926666666666698,469.0
21.0,469.0
21.0,465.25
21.0,454.0
21.0,454.0
21.0,454.0
21.0,454.0
21.0,454.0
21.025,454.0
21.0,454.0
21.0666666666667,454.0
21.075,454.0
21.1,454.0
21.05,454.0
21.1,454.0
21.1,454.0
21.1,454.0
21.1,454.0
21.1,454.0
21.1,464.5
21.1333333333333,458.0
21.1,458.0
21.1,449.5
21.1,464.5
21.1,465.25
21.125,471.75
21.1,474.5
21.125,474.5
21.125,464.0
21.1333333333333,464.0
21.1666666666667,469.0
21.15,479.0
21.1333333333333,479.0
21.175,479.0
21.2,480.666666666667
21.2,496.5
21.2,496.5
21.2,504.0
21.2225,495.25
21.245,489.0
21.29,489.0
21.29,489.0
21.29,500.25
21.29,492.333333333333
21.29,485.25
21.29,481.5
21.29,471.5
21.29,464.0
21.29,464.0
21.29,464.0
21.29,464.0
21.29,475.25
21.323333333333302,479.0
21.29,479.0
21.365,479.0
21.323333333333302,479.0
21.39,479.0
21.39,479.0
21.39,479.0
21.39,474.0
21.39,475.25
21.39,479.0
21.39,469.0
21.39,471.5
21.4175,464.0
21.39,464.0
21.39,464.0
21.39,464.0
21.39,478.0
21.39,474.5
21.39,478.0
21.4175,469.25
21.39,464.0
21.4175,464.0
21.426666666666698,464.0
21.445,464.0
21.39,464.0
21.4725,464.0
21.5,464.0
21.5,464.0
21.5,467.75
21.5,456.5
21.5,464.0
21.5,464.0
21.525,464.0
21.5,464.0
21.5,475.25
21.5,479.0
21.533333333333303,479.0
21.55,479.0
21.5666666666667,474.0
21.575,479.0
21.575,479.0
21.6,471.5
21.5666666666667,464.0
21.525,474.5
21.6,462.75
21.5666666666667,469.0
21.575,461.5
21.5,454.0
21.525,454.0
21.5,460.75
21.5,464.5
21.5,463.0
21.5,460.75
21.5,468.0
21.5,464.5
21.5,464.5
21.5,454.0
21.5,454.0
21.5,454.0
21.5,454.0
21.445,454.0
21.5,454.0
21.5,454.0
21.426666666666698,469.0
21.39,471.75
21.4175,467.75
21.445,481.5
21.39,482.75
21.39,489.0
21.4725,496.5
21.4725,499.0
21.5,499.0
21.5,514.0
21.39,514.0
21.426666666666698,510.666666666667
21.5,514.0
21.5,510.25
21.5,499.0
21.5,496.5
21.5,504.0
21.5,489.0
21.5,480.666666666667
21.5,486.5
21.5,479.0
21.5,475.25
21.5,464.0
21.5,464.0
21.5,464.0
21.5,469.25
21.5,474.5
21.5,474.5
21.5,471.0
21.5,466.75
21.5,469.0
21.5,469.0
21.5,31.0
21.5,31.0
21.5,31.0
21.5,26.5
21.4175,13.0
21.39,13.0
21.39,13.0
21.39,13.0
21.39,26.5
21.365,26.5
21.29,22.0
21.315,13.0
21.29,13.0
21.29,13.0
21.29,13.0
21.29,13.0
21.29,13.0
21.2675,13.0
21.2,13.0
21.2,13.0
21.2,13.0
21.2,13.0
21.2,13.0
21.1666666666667,167.0
21.15,365.75
21.2,454.0
21.1333333333333,454.0
21.15,454.0
21.2,454.0
21.2,454.0
21.2,454.0
21.2,454.0
21.2,454.0
21.2,454.0
21.2,461.5
21.2,469.0
21.245,469.0
21.2675,469.0
21.245,469.0
21.29,467.333333333333
21.245,474.5
21.26,478.0
21.29,474.5
21.29,478.0
21.29,464.0
21.29,469.25
21.29,474.5
21.29,474.5
21.29,472.666666666667
21.34,474.5
21.29,451.5
21.29,459.0
21.29,459.0
21.365,466.5
21.39,469.25
21.39,464.0
21.39,475.25
21.39,484.0
21.39,482.75
21.39,484.0
21.4175,484.0
21.4725,474.0
21.463333333333303,479.0
21.5,489.0
21.5,489.0
21.5,489.0
21.5,489.0
21.5,489.0
21.5,479.0
21.525,477.75
21.5,487.333333333333
21.5,484.0
21.525,479.0
21.6,489.0
21.5666666666667,484.0
21.6,474.0
21.6333333333333,465.666666666667
21.625,476.5
21.6666666666667,479.0
21.65,474.0
21.6333333333333,480.666666666667
21.7,477.75
21.6666666666667,489.0
21.7,474.0
21.7,489.0
21.7,472.75
21.7,472.333333333333
21.745,479.0
21.7,474.0
21.7,464.0
21.73,464.0
21.745,474.5
21.7675,464.0
21.76,464.0
21.79,464.0
21.79,464.0
21.79,464.0
21.79,474.5
21.815,470.75
21.79,467.333333333333
21.84,466.75
21.84,466.5
21.84,469.0
21.84,465.25
21.865,454.0
21.89,457.0
21.89,464.0
21.89,457.75
21.89,454.0
21.89,454.0
21.89,455.5
21.89,453.25
21.89,449.5
21.89,453.0
21.89,449.5
21.89,449.5
21.89,453.0
21.89,460.0
21.89,456.0
21.89,456.0
21.9175,444.0
21.89,444.0
21.9175,444.0
21.945,444.0
21.89,444.0
21.89,444.0
21.945,444.0
21.89,444.0
21.9175,440.25
21.89,444.0
21.9175,444.0
21.945,444.0
21.9175,444.0
21.89,444.0
21.945,444.0
21.926666666666698,439.0
21.945,444.0
21.9175,444.0
21.945,444.0
21.945,444.0
21.926666666666698,444.0
21.89,444.0
21.945,444.0
21.89,444.0
22.0,432.75
21.963333333333303,434.0
22.0,440.25
22.0,444.0
22.0,439.0
22.0,440.25
21.9725,440.25
21.9725,444.0
21.963333333333303,439.0
22.0,439.0
21.9725,444.0
21.9725,444.0
21.89,444.0
22.0,444.0
22.0,444.0
21.9725,444.0
21.963333333333303,444.0
22.0,444.0
22.0,444.0
22.0,444.0
21.963333333333303,444.0
22.0,444.0
22.0,444.0
22.0,444.0
22.0,439.0
22.0,444.0
22.0,432.75
22.0,429.0
22.0,441.0
22.0,438.0
22.0,438.0
22.0,441.0
22.0,438.0
22.0,438.0
22.0,438.0
22.0,438.0
22.0,441.0
22.025,438.0
22.0,438.0
22.0,438.0
22.05,438.0
22.0666666666667,441.0
22.05,438.0
22.025,438.0
22.033333333333303,441.0
22.075,438.0
22.075,438.0
22.1,438.0
22.1,438.0
22.075,438.0
22.05,438.0
22.1,438.0
22.0666666666667,441.0
22.1,442.5
22.1,447.0
22.1,443.5
22.1,447.0
22.1,447.0
22.1,447.0
22.1,447.0
22.1,447.0
22.1,447.0
22.1,447.0
22.1,447.0
22.1,447.0
22.1,447.0
22.1,447.0
22.1,447.0
22.1,442.333333333333
22.1,436.5
22.1,436.5
22.1,436.5
22.1,433.0
22.1,433.0
22.1,433.0
22.1,433.0
22.1,433.0
22.1,433.0
22.1,433.0
22.1,433.0
22.1,433.0
22.1,433.0
22.1,433.0
22.1,433.0
22.1,433.0
22.1,433.0
22.1,433.0
22.1,433.0
22.1,433.0
22.1,433.0
22.1,433.0
22.1,433.0
22.1,433.0
22.1,433.0
22.1,433.0
22.1,433.0
22.1,433.0
22.1,433.0
22.1,433.0
22.1,433.0
22.1,433.0
22.1,433.0
22.1,433.0
22.1,433.0
22.1,433.0
22.1,433.0
22.1333333333333,433.0
22.1,433.0
22.1,433.0
22.1,433.0
22.1,433.0
22.1,433.0
22.1,426.0
22.1,413.666666666667
22.175,328.0
22.175,397.0
22.23,403.666666666667
22.245,419.0
22.245,419.0
22.29,419.0
22.2675,433.0
22.2,433.0
22.2,433.0
22.2,429.5
22.2,433.0
22.15,433.0
22.125,433.0
22.1,433.0
22.125,433.0
22.1,433.0
22.1,433.0
22.1,433.0
22.1,430.666666666667
22.1,428.333333333333
22.1,433.0
22.1,429.5
22.1,433.0
22.1,433.0
22.1,423.666666666667
22.1,429.5
22.1,429.5
22.1,433.0
22.1,426.0
22.1,428.333333333333
22.1,429.5
22.075,433.0
22.1,426.0
22.1,426.0
22.0666666666667,423.666666666667
22.1,209.5
22.1,0.0
22.033333333333303,0.0
22.0,0.0
22.05,0.0
22.0,0.0
22.0,0.0
21.89,0.0
21.89,0.0
21.89,0.0
21.89,0.0
21.89,0.0
21.84,0.0
21.79,0.0
21.79,0.0
21.79,0.0
21.79,0.0
21.73,0.0
21.745,0.0
21.7,0.0
21.7,0.0
21.7,0.0
21.7,0.0
21.6333333333333,0.0
21.6,0.0
21.6,0.0
21.6,0.0
21.55,0.0
21.55,0.0
21.533333333333303,0.0
21.55,0.0
21.5,0.0
21.5,0.0
21.5,0.0
21.5,0.0
21.39,0.0
21.445,0.0
21.39,0.0
21.39,0.0
21.39,0.0
21.39,0.0
21.34,0.0
21.29,0.0
21.29,0.0
21.29,0.0
21.29,0.0
21.29,0.0
21.29,0.0
21.2,0.0
21.2,0.0
21.2,0.0
21.2,0.0
21.2,0.0
21.2,0.0
21.2,0.0
21.1,0.0
21.1,0.0
21.1,0.0
21.1,0.0
21.0,0.0
21.05,0.0
21.0,0.0
21.0,0.0
21.0,0.0
21.0,0.0
21.0,0.0
21.0,0.0
21.0,0.0
20.945,0.0
20.89,0.0
20.89,0.0
20.89,0.0
20.945,0.0
20.89,0.0
20.89,0.0
20.89,0.0
20.89,0.0
20.89,0.0
20.823333333333302,0.0
20.79,0.0
20.79,0.0
20.79,0.0
20.79,0.0
20.79,0.0
20.79,0.0
20.7,0.0
20.7,0.0
20.7,0.0
20.7,0.0
20.7,0.0
20.7,0.0
20.7,0.0
20.7,0.0
20.7,0.0
20.7,0.0
20.7,0.0
20.7,0.0
20.7,0.0
20.7675,0.0
20.73,0.0
20.7,0.0
20.7,0.0
20.7,0.0
20.7,0.0
20.7,0.0
20.7,0.0
20.7,0.0
20.6666666666667,0.0
20.7,0.0
20.7,0.0
20.7,0.0
20.6666666666667,0.0
20.6333333333333,0.0
20.6333333333333,0.0
20.6,0.0
20.6,0.0
20.6,0.0
20.6,0.0
20.6,0.0
20.6,0.0
20.6,0.0
20.6,0.0
20.6,0.0
20.5,0.0
20.6,0.0
20.6,0.0
20.5666666666667,0.0
20.55,0.0
20.55,0.0
20.5,0.0
20.5,0.0
20.5,0.0
20.5,0.0
20.5,0.0
20.5,0.0
20.5,0.0
20.5,0.0
20.5,0.0
20.5,0.0
20.5,0.0
20.5,0.0
20.5,0.0
20.5,0.0
20.525,0.0
20.5,0.0
20.5,0.0
20.5,0.0
20.5,0.0
20.5,0.0
20.5,0.0
20.5,0.0
20.5,0.0
20.5,0.0
20.5,0.0
20.55,0.0
20.5,0.0
20.5,0.0
20.55,0.0
20.5,0.0
20.5,0.0
20.5,0.0
20.5,0.0
20.5,0.0
20.5,0.0
20.5,0.0
20.5,0.0
20.55,0.0
20.5,0.0
20.5,0.0
20.5,0.0
20.5,0.0
20.5,0.0
20.5,0.0
20.5,0.0
20.5,0.0
20.5,0.0
20.5,0.0
20.5,0.0
20.5,0.0
20.5,0.0
20.5,0.0
20.5,0.0
20.5,0.0
20.5,0.0
20.5,0.0
20.5,0.0
20.5,0.0
20.5,0.0
20.5,0.0
20.5,0.0
20.5,0.0
20.5,0.0
20.5,0.0
20.5,0.0
20.5,0.0
20.5,0.0
20.5,0.0
20.5,0.0
20.5,0.0
20.5,0.0
20.5,0.0
20.5,0.0
20.5,0.0
20.5,0.0
20.5,0.0
20.5,0.0
20.5,0.0
20.5,0.0
20.5,0.0
20.5,0.0
20.5,0.0
20.5,0.0
20.5,0.0
20.5,0.0
20.5,0.0
20.5,0.0
20.5,0.0
20.5,0.0
20.5,0.0
20.5,0.0
20.5,0.0
20.5,0.0
20.5,0.0
20.5,0.0
20.5,0.0
20.5,0.0
20.463333333333303,0.0
20.5,0.0
20.5,0.0
20.5,0.0
20.5,0.0
20.5,0.0
20.5,0.0
20.5,0.0
20.5,0.0
20.5,0.0
20.5,0.0
20.5,0.0
20.5,0.0
20.463333333333303,0.0
20.5,0.0
20.5,0.0
20.5,0.0
20.5,0.0
20.5,0.0
20.5,0.0
20.445,0.0
20.5,0.0
20.5,0.0
20.5,0.0
20.5,0.0
20.5,0.0
20.445,0.0
20.5,0.0
20.5,0.0
20.5,0.0
20.5,0.0
20.445,0.0
20.445,0.0
20.445,0.0
20.445,0.0
20.445,0.0
20.5,0.0
20.5,0.0
20.5,0.0
20.5,0.0
20.5,0.0
20.5,0.0
20.5,0.0
20.5,0.0
20.5,0.0
20.445,0.0
20.39,0.0
20.5,0.0
20.5,0.0
20.5,0.0
20.5,0.0
20.5,0.0
20.5,0.0
20.5,0.0
20.5,0.0
20.426666666666698,0.0
20.39,0.0
20.5,0.0
20.445,0.0
20.5,0.0
20.5,0.0
20.5,0.0
20.39,0.0
20.5,0.0
20.445,0.0
20.445,0.0
20.426666666666698,0.0
20.5,0.0
20.5,0.0
20.39,0.0
20.39,0.0
20.5,0.0
20.445,0.0
20.445,0.0
20.445,0.0
20.39,0.0
20.39,0.0
20.5,0.0
20.39,0.0
20.39,0.0
20.445,0.0
20.39,0.0
20.39,0.0
20.39,0.0
20.39,0.0
20.39,0.0
20.39,0.0
20.39,0.0
20.39,0.0
20.39,0.0
20.39,0.0
20.39,0.0
20.39,0.0
20.39,0.0
20.39,0.0
20.39,0.0
20.39,0.0
20.39,0.0
20.39,0.0
20.39,0.0
20.39,0.0
20.39,0.0
20.39,0.0
20.39,0.0
20.39,0.0
20.39,0.0
20.39,0.0
20.39,0.0
20.39,0.0
20.39,0.0
20.39,0.0
20.39,0.0
20.39,0.0
20.39,0.0
20.39,0.0
20.39,0.0
20.39,0.0
20.39,0.0
20.39,0.0
20.39,0.0
20.39,0.0
20.39,0.0
20.39,0.0
20.39,0.0
20.39,0.0
20.39,0.0
20.39,0.0
20.39,0.0
20.39,0.0
20.39,0.0
20.39,0.0
20.356666666666698,0.0
20.39,0.0
20.39,0.0
20.365,0.0
20.39,0.0
20.39,0.0
20.39,0.0
20.39,0.0
20.39,0.0
20.39,0.0
20.39,0.0
20.34,0.0
20.29,0.0
20.29,0.0
20.29,0.0
20.29,0.0
20.39,0.0
20.323333333333302,0.0
20.29,0.0
20.34,0.0
20.29,0.0
20.34,0.0
20.323333333333302,0.0
20.29,0.0
20.34,0.0
20.315,0.0
20.34,0.0
20.34,0.0
20.29,0.0
20.29,0.0
20.29,0.0
20.29,0.0
20.323333333333302,0.0
20.29,0.0
20.29,0.0
20.29,0.0
20.29,0.0
20.29,0.0
20.29,0.0
20.34,0.0
20.29,0.0
20.323333333333302,0.0
20.29,0.0
20.39,0.0
20.29,0.0
20.29,0.0
20.29,0.0
20.29,0.0
20.29,0.0
20.29,0.0
20.29,0.0
20.29,0.0
20.29,0.0
20.34,0.0
20.29,0.0
20.29,0.0
20.29,0.0
20.29,0.0
20.29,0.0
20.323333333333302,0.0
20.29,0.0
20.29,0.0
20.29,0.0
20.29,0.0
20.29,0.0
20.29,0.0
20.29,0.0
20.29,0.0
20.29,0.0
20.29,0.0
20.29,0.0
20.29,0.0
20.29,0.0
20.29,0.0
20.29,0.0
20.29,0.0
20.29,0.0
20.29,0.0
20.29,0.0
20.29,0.0
20.29,0.0
20.29,0.0
20.29,0.0
20.29,0.0
20.245,0.0
20.245,0.0
20.29,0.0
20.29,0.0
20.29,0.0
20.29,0.0
20.29,0.0
20.29,0.0
20.29,0.0
20.29,0.0
20.29,0.0
20.29,0.0
20.29,0.0
20.29,0.0
20.29,0.0
20.29,0.0
20.29,0.0
20.29,0.0
20.245,0.0
20.29,0.0
20.29,0.0
20.29,0.0
20.29,0.0
20.29,0.0
20.29,0.0
20.29,0.0
20.29,0.0
20.29,0.0
20.29,0.0
20.29,0.0
20.29,0.0
20.29,0.0
20.29,0.0
20.29,0.0
20.29,0.0
20.29,0.0
20.29,0.0
20.29,0.0
20.29,0.0
20.29,0.0
20.29,0.0
20.245,0.0
20.29,0.0
20.29,0.0
20.29,0.0
20.245,0.0
20.245,0.0
20.29,0.0
20.29,0.0
20.29,0.0
20.29,0.0
20.29,0.0
20.29,0.0
20.29,0.0
20.29,0.0
20.29,0.0
20.29,0.0
20.245,0.0
20.245,0.0
20.29,0.0
20.29,0.0
20.29,0.0
20.29,0.0
20.29,0.0
20.29,0.0
20.29,0.0
20.29,0.0
20.245,0.0
20.29,0.0
20.245,0.0
20.29,0.0
20.29,0.0
20.245,0.0
20.26,0.0
20.245,0.0
20.29,0.0
20.29,0.0
20.29,0.0
20.29,0.0
20.29,0.0
20.29,0.0
20.29,0.0
20.245,0.0
20.2,0.0
20.29,0.0
20.29,0.0
20.29,0.0
20.245,0.0
20.245,0.0
20.2,0.0
20.29,0.0
20.29,0.0
20.29,0.0
20.23,0.0
20.29,0.0
20.29,0.0
20.2,0.0
20.29,0.0
20.29,0.0
20.29,0.0
20.29,0.0
20.245,0.0
20.29,0.0
20.245,0.0
20.29,0.0
20.29,0.0
20.23,0.0
20.29,0.0
20.29,0.0
20.29,0.0
20.29,0.0
20.29,0.0
20.29,0.0
20.26,0.0
20.2,0.0
20.2,0.0
20.2,0.0
20.245,0.0
20.2,0.0
20.2,0.0
20.2,0.0
20.26,0.0
20.29,0.0
20.29,0.0
20.2,0.0
20.2225,0.0
20.2,0.0
20.2,0.0
20.2,0.0
20.2,0.0
20.2,0.0
20.29,0.0
20.29,0.0
20.2,0.0
20.2,0.0
20.2,0.0
20.2,0.0
20.29,0.0
20.2,0.0
20.2,0.0
20.2,0.0
20.2,0.0
20.2,0.0
20.2,0.0
20.2,0.0
20.2,0.0
20.2,0.0
20.2,0.0
20.2,0.0
20.2,0.0
20.2,0.0
20.2,0.0
20.2,0.0
20.2,0.0
20.2,0.0
20.2,0.0
20.2,0.0
20.2,0.0
20.2,0.0
20.2,0.0
20.2,0.0
20.2,0.0
20.2,0.0
20.2,0.0
20.2,0.0
20.2,0.0
20.2,0.0
20.2,0.0
20.2,0.0
20.2,0.0
20.2,0.0
20.2,0.0
20.2,0.0
20.2,0.0
20.1333333333333,0.0
20.15,0.0
20.1,0.0
20.1,0.0
20.1,0.0
20.1,0.0
20.2,0.0
20.1,0.0
20.1666666666667,0.0
20.2,0.0
20.15,0.0
20.2,0.0
20.2,0.0
20.1,0.0
20.15,0.0
20.15,0.0
20.2,0.0
20.2,0.0
20.1,0.0
20.1,0.0
20.2,0.0
20.2,0.0
20.1,0.0
20.1,0.0
20.15,0.0
20.1,0.0
20.1,0.0
20.1666666666667,0.0
20.2,0.0
20.1666666666667,0.0
20.1333333333333,0.0
20.1,0.0
20.1333333333333,0.0
20.1,0.0
20.1,0.0
20.15,0.0
20.1,0.0
20.2,0.0
20.1,0.0
20.1,0.0
20.1,0.0
20.1333333333333,0.0
20.2,0.0
20.15,0.0
20.1,0.0
20.175,0.0
20.1,0.0
20.1,0.0
20.2,0.0
20.15,0.0
20.1333333333333,0.0
20.2,0.0
20.15,0.0
20.1,0.0
20.1,0.0
20.1,0.0
20.2,0.0
20.15,0.0
20.15,0.0
20.15,0.0
20.15,0.0
20.2,0.0
20.2,0.0
20.2,0.0
20.1,0.0
20.2,0.0
20.15,0.0
20.1,0.0
20.2,0.0
20.2,0.0
20.1333333333333,0.0
20.1,0.0
20.1,0.0
20.2,0.0
20.2,0.0
20.1,0.0
20.15,0.0
20.1,0.0
20.1,0.0
20.2,0.0
20.15,0.0
20.1,0.0
20.1,0.0
20.1333333333333,0.0
20.15,0.0
20.125,0.0
20.1,0.0
20.2,0.0
20.1,0.0
20.1,0.0
20.15,0.0
20.1333333333333,0.0
20.1,0.0
20.1,0.0
20.2,0.0
20.15,0.0
20.1,0.0
20.1,0.0
20.1,0.0
20.1,0.0
20.1333333333333,0.0
20.2,0.0
20.1,0.0
20.1,0.0
20.15,0.0
20.1,0.0
20.1,0.0
20.1,0.0
20.1,0.0
20.1,0.0
20.1,0.0
20.1,0.0
20.1,0.0
20.1,0.0
20.1,0.0
20.1,0.0
20.1,0.0
20.1,0.0
20.1,0.0
20.1,0.0
20.1,0.0
20.1,0.0
20.1,0.0
20.1,0.0
20.1,0.0
20.1,0.0
20.1,0.0
20.1,0.0
20.2,0.0
20.1,0.0
20.1,0.0
20.1,0.0
20.2,0.0
20.2,0.0
20.15,0.0
20.1,0.0
20.2,0.0
20.15,0.0
20.15,0.0
20.1333333333333,0.0
20.15,0.0
20.1,0.0
20.1,0.0
20.1,0.0
20.2,0.0
20.1,0.0
20.2,0.0
20.2,0.0
20.2,0.0
20.2,0.0
20.245,0.0
20.2,0.0
20.29,0.0
20.2,0.0
20.2,0.0
20.23,0.0
20.29,0.0
20.2675,0.0
20.29,0.0
20.29,0.0
20.29,0.0
20.29,0.0
20.26,0.0
20.29,0.0
20.29,0.0
20.29,0.0
20.29,0.0
20.29,0.0
20.29,0.0
20.29,0.0
20.245,0.0
20.29,0.0
20.29,0.0
20.29,0.0
20.29,0.0
20.245,0.0
20.29,0.0
20.29,0.0
20.29,0.0
20.29,0.0
20.29,0.0
20.29,0.0
20.29,0.0
20.29,0.0
20.29,0.0
20.29,0.0
20.29,0.0
20.29,0.0
20.29,0.0
20.29,0.0
20.29,0.0
20.315,0.0
20.29,0.0
20.29,0.0
20.29,0.0
20.29,0.0
20.29,0.0
20.34,0.0
20.29,0.0
20.29,0.0
20.29,0.0
20.323333333333302,0.0
20.29,0.0
20.29,0.0
20.29,0.0
20.29,0.0
20.34,0.0
20.39,0.0
20.34,0.0
20.29,0.0
20.29,0.0
20.39,0.0
20.29,0.0
20.29,0.0
20.29,0.0
20.29,0.0
20.29,0.0
20.29,0.0
20.29,0.0
20.29,0.0
20.29,0.0
20.29,0.0
20.29,0.0
20.29,0.0
20.29,0.0
20.29,0.0
20.29,0.0
20.29,0.0
20.34,0.0
20.29,0.0
20.29,0.0
20.29,0.0
20.29,0.0
20.29,0.0
20.29,0.0
20.29,0.0
20.29,0.0
20.39,0.0
20.29,0.0
20.29,0.0
20.29,0.0
20.29,0.0
20.29,0.0
20.29,0.0
20.29,0.0
20.29,0.0
20.29,0.0
20.29,0.0
20.29,0.0
20.29,0.0
20.29,0.0
20.29,0.0
20.29,0.0
20.29,0.0
20.29,0.0
20.29,0.0
20.29,0.0
20.29,0.0
20.315,232.0
20.323333333333302,419.0
20.323333333333302,433.0
20.315,426.0
20.356666666666698,419.0
20.365,419.0
20.39,419.0
20.39,419.0
20.39,409.666666666667
20.4175,405.0
20.426666666666698,405.0
20.4175,408.0
20.463333333333303,413.0
20.5,404.5
20.5,407.5
20.5,405.0
20.5,408.0
20.5,405.0
20.55,405.0
20.6,405.0
20.575,405.0
20.6,412.0
20.6,419.0
20.65,419.0
20.675,419.0
20.65,419.0
20.65,419.0
20.7,419.0
20.7,419.0
20.7,419.0
20.73,419.0
20.745,426.0
20.7675,422.5
20.79,426.0
20.79,433.0
20.79,433.0
20.84,433.0
20.89,433.0
20.856666666666698,433.0
20.89,433.0
20.9175,433.0
20.89,433.0
20.9175,433.0
20.95875,433.0
21.0,433.0
21.0,433.0
21.0,433.0
21.0,433.0
21.0,433.0
21.025,433.0
21.0,433.0
21.05,433.0
21.05,433.0
21.05,433.0
21.1,433.0
21.1,433.0
21.1,447.0
