,Date,Open,High,Low,Close,Adj Close,Volume,dias_da_semana,dia_ou_noite
0,2002-01-02,58.900002,59.299999,57.580002,58.700001,35.302013,7054600,2,noite
1,2002-01-03,58.700001,58.73,57.880001,58.68,35.289989,6413100,3,noite
2,2002-01-04,58.68,58.900002,57.950001,58.139998999999996,34.965233000000005,4778400,4,noite
3,2002-01-07,57.900002,58.5,57.759997999999996,57.869999,34.802859999999995,4509300,0,noite
4,2002-01-08,58.080002,58.099998,57.0,57.490002000000004,34.574321999999995,4505900,1,noite
5,2002-01-09,56.950001,57.799999,56.75,56.91,34.225521,6491400,2,noite
6,2002-01-10,56.669998,58.389998999999996,56.599998,58.279999,35.049427,5305900,3,noite
7,2002-01-11,58.080002,58.419998,57.75,58.23,35.019366999999995,5158500,4,noite
8,2002-01-14,58.68,59.32,58.459998999999996,58.919998,35.434326,5401200,0,noite
9,2002-01-15,59.130001,59.43,58.639998999999996,59.169998,35.584671,6218100,1,noite
10,2002-01-16,59.34,59.990002000000004,59.18,59.580002,35.831253000000004,6373800,2,noite
11,2002-01-17,59.580002,59.98,59.220001,59.830002,35.981602,5591900,3,noite
12,2002-01-18,59.830002,60.099998,59.619999,59.700001,35.903412,8949200,4,noite
13,2002-01-22,59.709998999999996,59.849998,58.52,59.119999,35.554607,9612600,1,noite
14,2002-01-23,59.130001,59.27,58.380001,58.779999,35.350117,7261200,2,noite
15,2002-01-24,58.0,58.209998999999996,57.740002000000004,58.040001000000004,34.905094,6873700,3,noite
16,2002-01-25,58.049999,58.200001,57.599998,57.650002,34.670559000000004,5527000,4,noite
17,2002-01-28,57.509997999999996,57.98,57.369999,57.810001,34.766777000000005,5286700,0,noite
18,2002-01-29,57.900002,58.740002000000004,56.82,57.18,34.387896999999995,5898700,1,noite
19,2002-01-30,57.200001,57.689999,56.900002,57.200001,34.399933000000004,7920200,2,noite
20,2002-01-31,57.209998999999996,57.549999,56.810001,57.509997999999996,34.586353,6754000,3,noite
21,2002-02-01,57.259997999999996,58.330002,57.259997999999996,57.599998,34.640476,5901100,4,noite
22,2002-02-04,57.549999,57.709998999999996,56.0,56.310001,33.864681,7657400,0,noite
23,2002-02-05,55.509997999999996,56.349998,54.700001,55.5,33.377552,12762300,1,noite
24,2002-02-06,55.5,56.5,55.5,55.880001,33.606079,7157900,2,noite
25,2002-02-07,55.880001,57.099998,55.799999,56.490002000000004,33.972912,6952400,3,noite
26,2002-02-08,56.060001,57.060001,55.25,56.880001,34.207474,6542900,4,noite
27,2002-02-11,56.880001,57.849998,56.75,57.049999,34.309711,4444000,0,noite
28,2002-02-12,57.049999,57.380001,56.599998,57.299999,34.460064,4910200,1,noite
29,2002-02-13,58.200001,58.889998999999996,57.950001,58.09,34.935177,7287500,2,noite
30,2002-02-14,58.0,58.049999,57.049999,57.299999,34.567184000000005,7137300,3,noite
31,2002-02-15,57.700001,58.09,57.0,57.240002000000004,34.530986999999996,6148300,4,noite
32,2002-02-19,57.490002000000004,57.599998,56.75,56.919998,34.337933,5012900,1,noite
33,2002-02-20,57.490002000000004,58.5,57.16,58.119999,35.061848,5536600,2,noite
34,2002-02-21,58.25,58.950001,57.93,58.0,34.98946,7052500,3,noite
35,2002-02-22,58.0,59.509997999999996,57.950001,59.400002,35.834045,7805400,4,noite
36,2002-02-25,59.959998999999996,60.029999,59.400002,59.700001,36.015029999999996,8391700,0,noite
37,2002-02-26,59.700001,60.25,59.25,60.009997999999996,36.202015,7768000,1,noite
38,2002-02-27,60.220001,60.540001000000004,59.959998999999996,60.23,36.334747,6807400,2,noite
39,2002-02-28,60.240002000000004,60.970001,60.119999,60.900002,36.738934,6439200,3,noite
40,2002-03-01,60.900002,62.400002,60.599998,62.099998,37.462852000000005,9202100,4,noite
41,2002-03-04,62.5,62.5,61.900002,61.919998,37.354271000000004,8455600,0,noite
42,2002-03-05,61.919998,62.16,61.110001000000004,61.310001,36.986267,7700000,1,noite
43,2002-03-06,61.790001000000004,62.790001000000004,61.599998,62.52,37.716225,7264800,2,noite
44,2002-03-07,63.5,64.099998,63.279999,63.619999,38.379826,11207800,3,noite
45,2002-03-08,64.400002,64.489998,63.099998,63.66,38.403957,10364300,4,noite
46,2002-03-11,63.66,64.400002,63.41,63.810001,38.494438,7239000,0,noite
47,2002-03-12,63.810001,63.810001,62.970001,63.650002,38.397923,7505800,1,noite
48,2002-03-13,63.650002,64.010002,63.25,63.900002,38.548725,6200600,2,noite
49,2002-03-14,63.900002,64.690002,63.700001,64.379997,38.838322,7572700,3,noite
50,2002-03-15,64.800003,65.470001,64.449997,64.599998,38.97102,13573000,4,noite
51,2002-03-18,64.699997,65.150002,64.300003,64.660004,39.007225,8274600,0,noite
52,2002-03-19,64.75,65.699997,64.699997,65.489998,39.507923,6706300,1,noite
53,2002-03-20,65.489998,65.489998,64.339996,64.489998,38.904671,7227800,2,noite
54,2002-03-21,64.300003,64.980003,63.689999,64.800003,39.091671000000005,6192500,3,noite
55,2002-03-22,64.550003,65.379997,64.370003,64.849998,39.121840999999996,5583600,4,noite
56,2002-03-25,64.849998,65.889999,64.349998,64.349998,38.820209999999996,6519100,0,noite
57,2002-03-26,64.550003,65.139999,64.360001,64.709999,39.037376,6034100,1,noite
58,2002-03-27,64.949997,65.470001,64.82,65.139999,39.296791,6347900,2,noite
59,2002-03-28,65.139999,65.5,64.83000200000001,64.949997,39.182152,5604700,3,noite
60,2002-04-01,64.199997,65.290001,64.150002,64.610001,38.977058,8185800,0,noite
61,2002-04-02,64.400002,65.040001,64.160004,64.449997,38.880539,5218200,1,noite
62,2002-04-03,64.699997,64.800003,63.799999,64.019997,38.621140000000004,6996500,2,noite
63,2002-04-04,63.52,64.25,63.02,63.48,38.295367999999996,8472200,3,noite
64,2002-04-05,63.48,63.73,62.799999,63.049999,38.035957,7208300,4,noite
65,2002-04-08,62.799999,63.540001000000004,62.549999,63.380001,38.235034999999996,6099300,0,noite
66,2002-04-09,63.740002000000004,63.799999,62.91,63.0,38.005795,7770700,1,noite
67,2002-04-10,62.91,63.5,62.799999,63.439999,38.271229,7254400,2,noite
68,2002-04-11,63.240002000000004,63.689999,62.700001,62.700001,37.824814,7491900,3,noite
69,2002-04-12,62.700001,62.849998,61.900002,62.669998,37.806713,6372500,4,noite
70,2002-04-15,63.099998,63.200001,61.779999,62.16,37.499046,6677300,0,noite
71,2002-04-16,63.0,63.950001,62.02,63.259997999999996,38.162643,9999000,1,noite
72,2002-04-17,62.799999,63.470001,62.060001,62.52,37.716225,9971400,2,noite
73,2002-04-18,62.52,64.489998,62.400002,64.290001,38.783989,8094900,3,noite
74,2002-04-19,64.699997,64.75,64.099998,64.489998,38.904671,6608500,4,noite
75,2002-04-22,64.209999,64.339996,63.07,63.34,38.210915,7123600,0,noite
76,2002-04-23,63.59,63.950001,62.709998999999996,62.799999,37.885143,6699100,1,noite
77,2002-04-24,63.189999,64.83000200000001,63.130001,63.610001000000004,38.373791,6929700,2,noite
78,2002-04-25,63.450001,64.400002,63.299999,63.400002,38.247074,6789100,3,noite
79,2002-04-26,63.240002000000004,64.440002,63.150002,63.610001000000004,38.373791,5438400,4,noite
80,2002-04-29,63.299999,63.900002,62.91,62.91,37.951488,6343300,0,noite
81,2002-04-30,62.919998,64.300003,62.830002,63.860001000000004,38.524601000000004,8313800,1,noite
82,2002-05-01,63.970001,64.629997,63.869999,63.950001,38.578903000000004,7117100,2,noite
83,2002-05-02,63.75,64.199997,63.549999,64.199997,38.729713000000004,5380500,3,noite
84,2002-05-03,64.08000200000001,64.16999799999999,63.049999,63.43,38.265205,6039500,4,noite
85,2002-05-06,63.650002,63.93,62.049999,62.099998,37.462852000000005,5620600,0,noite
86,2002-05-07,62.099998,62.299999,60.23,60.419998,36.449368,12821700,1,noite
87,2002-05-08,60.580002,61.23,59.16,60.900002,36.738934,12847100,2,noite
88,2002-05-09,60.75,61.880001,60.540001000000004,61.369999,37.022465000000004,6005600,3,noite
89,2002-05-10,61.099998,62.66,61.099998,61.849998,37.312034999999995,5920600,4,noite
90,2002-05-13,61.77,62.599998,61.400002,61.84,37.305988,6086000,0,noite
91,2002-05-14,61.25,61.450001,60.209998999999996,61.040001000000004,36.823391,11451100,1,noite
92,2002-05-15,60.279999,60.75,60.0,60.240002000000004,36.340775,9889700,2,noite
93,2002-05-16,60.48,60.849998,60.25,60.549999,36.527794,7215100,3,noite
94,2002-05-17,59.700001,61.599998,59.700001,61.470001,37.208771,6402100,4,noite
95,2002-05-20,61.470001,61.470001,60.200001,60.450001,36.591343,6951500,0,noite
96,2002-05-21,60.650002,61.169998,60.52,60.639998999999996,36.706364,5296300,1,noite
97,2002-05-22,61.900002,62.59,61.279999,62.0,37.529583,9556600,2,noite
98,2002-05-23,62.0,62.400002,61.099998,61.75,37.378269,9079300,3,noite
99,2002-05-24,61.75,62.119999,61.23,61.400002,37.166405,5640200,4,noite
100,2002-05-28,61.349998,61.599998,61.049999,61.209998999999996,37.051392,5106500,1,noite
101,2002-05-29,61.459998999999996,61.650002,61.25,61.360001000000004,37.142185,4892400,2,noite
102,2002-05-30,60.650002,61.84,60.619999,61.369999,37.148243,7590400,3,noite
103,2002-05-31,61.630001,62.189999,61.330002,61.349998,37.136127,5661300,4,noite
104,2002-06-03,61.099998,61.740002000000004,60.0,60.049999,36.349236,6301700,0,noite
105,2002-06-04,59.5,59.93,58.790001000000004,59.400002,35.955757,10291000,1,noite
106,2002-06-05,59.18,59.75,58.810001,59.610001000000004,36.082886,6962200,2,noite
107,2002-06-06,59.860001000000004,59.990002000000004,58.349998,58.75,35.562298,6153800,3,noite
108,2002-06-07,57.900002,58.66,57.73,58.310001,35.295975,8501800,4,noite
109,2002-06-10,58.560001,59.470001,58.150002,59.0,35.713638,5136700,0,noite
110,2002-06-11,58.75,58.75,56.990002000000004,57.490002000000004,34.799609999999994,8911200,1,noite
111,2002-06-12,57.849998,57.98,56.200001,57.240002000000004,34.648277,8400400,2,noite
112,2002-06-13,56.650002,58.279999,56.549999,57.41,34.751194,6887100,3,noite
113,2002-06-14,57.0,57.630001,56.310001,56.82,34.394051,8495000,4,noite
114,2002-06-17,56.810001,57.639998999999996,56.709998999999996,57.450001,34.775402,5789700,0,noite
115,2002-06-18,57.0,57.25,56.139998999999996,56.459998999999996,34.176140000000004,9990800,1,noite
116,2002-06-19,56.099998,56.950001,56.07,56.369999,34.121655,9376000,2,noite
117,2002-06-20,55.900002,56.25,54.93,55.040001000000004,33.316589,10125100,3,noite
118,2002-06-21,54.25,54.849998,52.5,53.0,32.081749,19734200,4,noite
119,2002-06-24,53.099998,54.82,52.150002,54.130001,32.765759,10291000,0,noite
120,2002-06-25,54.540001000000004,55.299999,53.02,53.34,32.287544,9529700,1,noite
121,2002-06-26,52.099998,54.700001,52.0,54.139998999999996,32.771815999999994,10219700,2,noite
122,2002-06-27,54.139998999999996,54.48,53.200001,54.41,32.935234,9805300,3,noite
123,2002-06-28,53.849998,54.330002,52.25,52.259997999999996,31.633808000000002,14696800,4,noite
124,2002-07-01,51.700001,52.25,50.259997999999996,50.5,30.568455,11162500,0,noite
125,2002-07-02,51.349998,52.0,50.549999,51.610001000000004,31.240349,13270100,1,noite
126,2002-07-03,52.0,53.099998,51.549999,52.950001,32.051476,9639300,2,noite
127,2002-07-05,52.950001,54.849998,52.790001000000004,54.59,33.044193,4462400,4,noite
128,2002-07-08,54.599998,54.75,53.450001,53.580002,32.432831,9284600,0,noite
129,2002-07-09,53.68,54.0,52.099998,52.619999,31.851719,9961700,1,noite
130,2002-07-10,52.099998,52.099998,49.790001000000004,50.299999,30.447405,16242700,2,noite
131,2002-07-11,49.099998,51.150002,49.099998,50.98,30.859005,15809200,3,noite
132,2002-07-12,51.380001,51.380001,49.439999,50.5,30.568455,9013200,4,noite
133,2002-07-15,49.5,49.689999,45.560001,49.0,29.660484000000004,20573100,0,noite
134,2002-07-16,49.400002,51.849998,48.799999,50.099998,30.326321000000004,13834600,1,noite
135,2002-07-17,51.700001,52.299999,50.110001000000004,51.240002000000004,31.016396999999998,9856000,2,noite
136,2002-07-18,50.82,51.349998,49.549999,49.73,30.10235,10158700,3,noite
137,2002-07-19,41.5,44.099998,41.450001,41.849998,25.33247,50702400,4,noite
138,2002-07-22,41.599998,43.599998,41.400002,42.529999,25.744085000000002,26346200,0,noite
139,2002-07-23,43.099998,45.700001,42.900002,44.080002,26.682327,20166800,1,noite
140,2002-07-24,44.16,48.799999,44.0,47.700001,28.873565999999997,21613600,2,noite
141,2002-07-25,47.650002,49.950001,46.849998,48.700001,29.478886,14378200,3,noite
142,2002-07-26,49.450001,49.700001,48.400002,49.610001000000004,30.029715000000003,10629900,4,noite
143,2002-07-29,50.0,51.400002,48.900002,51.259997999999996,31.0285,14282100,0,noite
144,2002-07-30,50.549999,52.0,50.200001,50.939999,30.834792999999998,15269400,1,noite
145,2002-07-31,50.849998,53.0,49.450001,52.599998,31.839624,16838000,2,noite
146,2002-08-01,53.0,53.009997999999996,51.200001,51.419998,31.125346999999998,11427200,3,noite
147,2002-08-02,52.099998,53.490002000000004,51.41,52.25,31.627756,10881400,4,noite
148,2002-08-05,52.5,52.5,49.75,50.099998,30.326321000000004,9156700,0,noite
149,2002-08-06,50.75,52.400002,50.700001,51.080002,30.919534999999996,7914300,1,noite
150,2002-08-07,51.5,52.540001000000004,50.970001,52.509997999999996,31.785142999999998,9141000,2,noite
151,2002-08-08,52.93,54.779999,52.200001,54.57,33.032092999999996,9260200,3,noite
152,2002-08-09,54.099998,54.98,53.400002,54.509997999999996,32.995777000000004,6758600,4,noite
153,2002-08-12,53.900002,54.950001,53.400002,54.580002,33.038143,5477200,0,noite
154,2002-08-13,54.099998,54.950001,53.299999,53.369999,32.305702000000004,6109900,1,noite
155,2002-08-14,53.490002000000004,55.5,52.52,55.5,33.595024,8291800,2,noite
156,2002-08-15,56.0,56.490002000000004,55.380001,55.970001,33.879536,8894600,3,noite
157,2002-08-16,55.990002000000004,56.27,55.150002,55.32,33.609184,7837000,4,noite
158,2002-08-19,55.009997999999996,56.380001,55.0,55.900002,33.961544,6412600,0,noite
159,2002-08-20,55.400002,55.73,54.330002,54.900002,33.354012,6432000,1,noite
160,2002-08-21,55.290001000000004,55.880001,53.549999,54.889998999999996,33.347927,8392800,2,noite
161,2002-08-22,55.099998,56.389998999999996,54.75,56.200001,34.143803000000005,5719100,3,noite
162,2002-08-23,56.200001,56.349998,54.5,54.82,33.305408,4753800,4,noite
163,2002-08-26,54.990002000000004,55.82,54.299999,55.709998999999996,33.846127,4402400,0,noite
164,2002-08-27,55.939999,56.5,54.369999,54.75,33.262875,5939300,1,noite
165,2002-08-28,54.5,54.869999,54.0,54.360001000000004,33.025954999999996,5038700,2,noite
166,2002-08-29,53.849998,54.669998,53.650002,54.16,32.90443,5092100,3,noite
167,2002-08-30,53.57,54.919998,53.419998,54.310001,32.99556,5920800,4,noite
168,2002-09-03,53.880001,54.150002,52.52,52.68,32.00526,8362000,1,noite
169,2002-09-04,53.25,54.66,52.900002,54.34,33.01379,8110000,2,noite
170,2002-09-05,54.34,54.970001,53.349998,54.419998,33.062393,6751900,3,noite
171,2002-09-06,55.099998,55.189999,54.5,54.919998,33.366165,5497900,4,noite
172,2002-09-09,54.25,55.709998999999996,54.200001,55.200001,33.536263,7212600,0,noite
173,2002-09-10,55.349998,55.5,54.650002,55.389998999999996,33.651714,5240400,1,noite
174,2002-09-11,56.25,56.25,55.450001,55.48,33.706367,3514300,2,noite
175,2002-09-12,54.5,54.900002,53.720001,53.970001,32.788994,6020300,3,noite
176,2002-09-13,53.549999,54.48,53.349998,54.139998999999996,32.892288,5852500,4,noite
177,2002-09-16,54.139998999999996,54.990002000000004,53.650002,54.900002,33.354012,4178000,0,noite
178,2002-09-17,54.900002,55.290001000000004,53.389998999999996,53.59,32.558128,6619100,1,noite
179,2002-09-18,53.080002,54.619999,53.060001,53.849998,32.716087,6092900,2,noite
180,2002-09-19,53.0,53.700001,51.799999,51.959998999999996,31.567847999999998,7171100,3,noite
181,2002-09-20,51.959998999999996,52.75,51.950001,52.299999,31.774399,14184300,4,noite
182,2002-09-23,51.5,53.099998,51.450001,52.849998,32.108546999999994,6307600,0,noite
183,2002-09-24,51.900002,54.099998,51.860001000000004,53.610001000000004,32.570282,9870800,1,noite
184,2002-09-25,54.25,54.299999,52.950001,53.650002,32.594582,8673100,2,noite
185,2002-09-26,54.189999,55.650002,53.880001,55.540001000000004,33.742844,8433500,3,noite
186,2002-09-27,55.290001000000004,56.150002,54.799999,55.099998,33.475521,9142200,4,noite
187,2002-09-30,54.25,54.790001000000004,53.700001,54.080002,32.855824,9658600,0,noite
188,2002-10-01,54.950001,56.299999,54.299999,56.299999,34.204547999999996,10937400,1,noite
189,2002-10-02,57.509997999999996,58.900002,57.509997999999996,58.299999,35.419651,14252400,2,noite
190,2002-10-03,58.450001,59.110001000000004,57.25,57.98,35.225243,9910400,3,noite
191,2002-10-04,57.98,58.080002,56.490002000000004,56.950001,34.599468,8789500,4,noite
192,2002-10-07,56.950001,58.23,56.509997999999996,56.700001,34.447582000000004,7987000,0,noite
193,2002-10-08,57.400002,58.950001,56.880001,58.490002000000004,35.535088,9291600,1,noite
194,2002-10-09,57.5,57.75,55.66,56.200001,34.143803000000005,13585700,2,noite
195,2002-10-10,55.5,57.060001,54.599998,56.799999,34.508334999999995,10439800,3,noite
196,2002-10-11,57.029999,57.25,55.310001,56.700001,34.447582000000004,11088200,4,noite
197,2002-10-14,56.709998999999996,57.900002,56.709998999999996,57.830002,35.134094,8537200,0,noite
198,2002-10-15,58.849998,59.779999,57.439999,59.560001,36.185143,16208800,1,noite
199,2002-10-16,59.299999,59.799999,58.349998,58.900002,35.784164000000004,8431200,2,noite
200,2002-10-17,59.5,60.200001,59.049999,60.200001,36.57399,7710900,3,noite
201,2002-10-18,59.400002,60.0,59.200001,59.349998,36.057559999999995,8034900,4,noite
202,2002-10-21,59.5,61.299999,59.41,61.110001000000004,37.126841999999996,9120500,0,noite
203,2002-10-22,60.669998,61.110001000000004,58.200001,59.82,36.343113,13097000,1,noite
204,2002-10-23,58.82,59.099998,56.75,57.950001,35.207008,12622700,2,noite
205,2002-10-24,57.950001,58.77,56.700001,57.709998999999996,35.061214,7484100,3,noite
206,2002-10-25,57.720001,58.150002,57.09,57.759997999999996,35.091595,6248800,4,noite
207,2002-10-28,57.98,58.16,56.900002,57.27,34.793896000000004,4633100,0,noite
208,2002-10-29,57.02,57.380001,55.860001000000004,56.25,34.174191,7658100,1,noite
209,2002-10-30,56.720001,57.639998999999996,56.560001,57.299999,34.812111,6951100,2,noite
210,2002-10-31,57.34,59.0,57.330002,58.75,35.693042999999996,10225200,3,noite
211,2002-11-01,58.330002,59.0,57.459998999999996,58.59,35.59584,6595400,4,noite
212,2002-11-04,59.5,59.599998,58.369999,58.709998999999996,35.668743,5810000,0,noite
213,2002-11-05,58.720001,60.0,58.720001,59.889998999999996,36.385643,5490000,1,noite
214,2002-11-06,59.900002,61.240002000000004,59.099998,60.27,36.616501,9856400,2,noite
215,2002-11-07,60.279999,60.400002,59.41,59.889998999999996,36.385643,5367900,3,noite
216,2002-11-08,60.099998,60.939999,59.950001,60.27,36.616501,7055300,4,noite
217,2002-11-11,60.27,60.990002000000004,59.509997999999996,60.0,36.452465000000004,7682300,0,noite
218,2002-11-12,60.200001,60.610001000000004,59.689999,60.02,36.464619,6361700,1,noite
219,2002-11-13,60.0,60.529999,59.0,59.93,36.409935,7231900,2,noite
220,2002-11-14,60.369999,60.77,60.0,60.459998999999996,36.731934,4675100,3,noite
221,2002-11-15,60.25,60.380001,59.799999,60.150002,36.667942,6941400,4,noite
222,2002-11-18,59.900002,60.200001,59.080002,59.080002,36.015656,6652200,0,noite
223,2002-11-19,59.0,59.25,58.419998,58.799999,35.844967,7504500,1,noite
224,2002-11-20,58.599998,60.0,58.360001000000004,60.0,36.576485,5325100,2,noite
225,2002-11-21,60.0,60.299999,59.07,59.48,36.259502000000005,7669300,3,noite
226,2002-11-22,59.48,59.880001,58.490002000000004,58.549999,35.692558,8759000,4,noite
227,2002-11-25,58.16,59.09,57.75,58.639998999999996,35.747409999999995,6340100,0,noite
228,2002-11-26,57.759997999999996,58.25,56.299999,56.41,34.388,9157600,1,noite
229,2002-11-27,56.849998,58.150002,56.700001,57.740002000000004,35.19878,6314400,2,noite
230,2002-11-29,57.740002000000004,57.740002000000004,56.57,57.02,34.759861,3977700,4,noite
231,2002-12-02,56.59,56.599998,54.25,55.700001,33.955172999999995,16267800,0,noite
232,2002-12-03,55.700001,56.450001,55.5,55.830002,34.034424,7983900,1,noite
233,2002-12-04,55.830002,57.07,55.669998,56.73,34.583073,6885900,2,noite
234,2002-12-05,56.939999,56.939999,55.669998,55.869999,34.058815,5608300,3,noite
235,2002-12-06,55.0,55.689999,54.810001,55.27,33.69305,6843800,4,noite
236,2002-12-09,55.080002,55.939999,54.900002,55.560001,33.869827,6364200,0,noite
237,2002-12-10,55.849998,55.889998999999996,55.0,55.860001000000004,34.052708,7587300,1,noite
238,2002-12-11,55.400002,56.380001,55.400002,56.169998,34.241673,5503400,2,noite
239,2002-12-12,56.18,56.18,54.91,55.049999,33.558933,6618600,3,noite
240,2002-12-13,55.060001,55.43,54.439999,54.91,33.473579,6102000,4,noite
241,2002-12-16,54.77,55.610001000000004,54.450001,55.580002,33.882023,7184900,0,noite
242,2002-12-17,54.950001,55.0,54.25,54.669998,33.327273999999996,6540000,1,noite
243,2002-12-18,54.240002000000004,54.57,53.169998,53.700001,32.735958000000004,8207700,2,noite
244,2002-12-19,53.18,54.18,53.18,53.41,32.559177000000005,5661200,3,noite
245,2002-12-20,53.950001,54.889998999999996,53.75,54.52,33.235836,10787800,4,noite
246,2002-12-23,54.889998999999996,54.889998999999996,54.049999,54.5,33.22364,5118700,0,noite
247,2002-12-24,54.25,55.389998999999996,54.25,54.900002,33.467484000000006,3333300,1,noite
248,2002-12-26,54.959998999999996,55.150002,53.689999,53.860001000000004,32.833496000000004,4564500,3,noite
249,2002-12-27,53.75,54.150002,53.0,53.110001000000004,32.376289,4307400,4,noite
250,2002-12-30,53.200001,54.130001,53.099998,53.779999,32.784721000000005,5465800,0,noite
251,2002-12-31,53.799999,54.169998,53.25,53.709998999999996,32.742053999999996,6322300,1,noite
252,2003-01-02,54.25,55.389998999999996,53.849998,55.330002,33.72961,6483400,3,noite
253,2003-01-03,56.0,56.939999,56.0,56.810001,34.631844,8743800,4,noite
254,2003-01-06,56.560001,57.549999,56.360001000000004,57.349998,34.961028999999996,5920900,0,noite
255,2003-01-07,57.099998,57.119999,55.900002,56.060001,34.174622,6527800,1,noite
256,2003-01-08,56.060001,56.369999,55.450001,55.73,33.973454,5548400,2,noite
257,2003-01-09,56.369999,57.099998,55.919998,56.849998,34.656234999999995,5949800,3,noite
258,2003-01-10,56.849998,57.25,56.330002,57.200001,34.869578999999995,5190500,4,noite
259,2003-01-13,57.200001,57.200001,55.759997999999996,56.040001000000004,34.162449,7579200,0,noite
260,2003-01-14,55.599998,56.470001,55.59,56.360001000000004,34.357535999999996,4987800,1,noite
261,2003-01-15,56.599998,56.610001000000004,54.869999,55.0,33.528439,7758700,2,noite
262,2003-01-16,55.700001,55.75,54.16,54.68,33.33337,7760500,3,noite
263,2003-01-17,54.689999,55.150002,54.529999,54.790001000000004,33.400421,5628700,4,noite
264,2003-01-21,55.299999,56.0,53.799999,53.990002000000004,32.91275,9805400,1,noite
265,2003-01-22,53.990002000000004,54.740002000000004,53.43,54.0,32.918839,9650200,2,noite
266,2003-01-23,54.450001,54.950001,54.25,54.799999,33.406532,6783600,3,noite
267,2003-01-24,54.810001,54.900002,53.169998,53.610001000000004,32.681090999999995,7866700,4,noite
268,2003-01-27,53.049999,53.450001,51.700001,52.18,31.809364000000002,10544800,0,noite
269,2003-01-28,52.799999,53.110001000000004,51.740002000000004,53.040001000000004,32.333611,7595000,1,noite
270,2003-01-29,52.25,52.900002,51.799999,52.400002,31.943462,9095300,2,noite
271,2003-01-30,52.27,52.549999,51.540001000000004,51.540001000000004,31.419196999999997,7733300,3,noite
272,2003-01-31,52.099998,53.799999,51.75,53.610001000000004,32.681090999999995,9962800,4,noite
273,2003-02-03,53.5,53.849998,52.959998999999996,53.34,32.516487,5852600,0,noite
274,2003-02-04,52.509997999999996,53.0,51.610001000000004,52.759997999999996,32.162914,7022900,1,noite
275,2003-02-05,52.759997999999996,53.200001,52.07,52.099998,31.760578000000002,5935200,2,noite
276,2003-02-06,52.110001000000004,52.259997999999996,51.380001,52.119999,31.772790999999998,6356600,3,noite
277,2003-02-07,51.700001,52.080002,51.330002,51.84,31.602077,6270800,4,noite
278,2003-02-10,51.41,52.98,51.23,52.040001000000004,31.723999,8070200,0,noite
279,2003-02-11,52.490002000000004,53.619999,51.779999,52.0,31.699621,8016600,1,noite
280,2003-02-12,51.799999,51.799999,50.0,50.0,30.480403999999997,15589100,2,noite
281,2003-02-13,49.990002000000004,51.849998,49.099998,51.310001,31.407771999999998,13309200,3,noite
282,2003-02-14,51.310001,52.5,51.200001,51.75,31.677109,8432700,4,noite
283,2003-02-18,53.0,53.950001,52.599998,53.060001,32.478966,8027900,1,noite
284,2003-02-19,53.009997999999996,53.139998999999996,52.200001,52.57,32.179039,4490800,2,noite
285,2003-02-20,53.099998,53.330002,51.599998,51.919998,31.781171999999998,5525400,3,noite
286,2003-02-21,52.48,53.799999,52.060001,53.48,32.736057,6473200,4,noite
287,2003-02-24,53.490002000000004,53.490002000000004,52.41,52.43,32.093342,5483600,0,noite
288,2003-02-25,51.860001000000004,52.849998,51.349998,52.759997999999996,32.295319,6165200,1,noite
289,2003-02-26,52.759997999999996,53.380001,51.82,51.82,31.719942,6069100,2,noite
290,2003-02-27,51.990002000000004,53.099998,51.799999,52.779999,32.307594,5478300,3,noite
291,2003-02-28,52.529999,53.040001000000004,52.110001000000004,52.450001,32.105583,6438700,4,noite
292,2003-03-03,53.16,53.439999,52.25,52.43,32.093342,5654400,0,noite
293,2003-03-04,52.439999,52.950001,51.68,51.689999,31.640377,5474600,1,noite
294,2003-03-05,51.52,52.900002,51.5,52.810001,32.325947,6676900,2,noite
295,2003-03-06,52.599998,53.740002000000004,52.299999,53.299999,32.625889,9287200,3,noite
296,2003-03-07,52.549999,55.389998999999996,52.52,55.299999,33.850121,13278900,4,noite
297,2003-03-10,54.549999,55.200001,53.950001,54.130001,33.133938,7114000,0,noite
298,2003-03-11,54.509997999999996,54.98,53.959998999999996,54.48,33.348175,7362500,1,noite
299,2003-03-12,54.5,54.799999,54.09,54.68,33.470603999999994,8918100,2,noite
300,2003-03-13,54.68,55.599998,54.23,55.48,33.960297,9637200,3,noite
301,2003-03-14,55.66,55.880001,54.799999,55.189999,33.782787,7588000,4,noite
302,2003-03-17,54.450001,56.5,54.400002,56.389998999999996,34.517311,8218600,0,noite
303,2003-03-18,56.389998999999996,56.91,56.080002,56.779999,34.756054,7218700,1,noite
304,2003-03-19,56.84,57.450001,56.009997999999996,57.310001,35.080463,6828100,2,noite
305,2003-03-20,57.169998,57.5,56.5,57.389998999999996,35.129433,5865900,3,noite
306,2003-03-21,58.18,58.68,57.380001,58.669998,35.912952000000004,8689200,4,noite
307,2003-03-24,57.099998,57.98,56.650002,56.75,34.737694,7233800,0,noite
308,2003-03-25,56.5,57.400002,56.029999,57.080002,34.939674,7645200,1,noite
309,2003-03-26,57.09,57.110001000000004,56.490002000000004,56.66,34.682594,6640500,2,noite
310,2003-03-27,56.0,57.34,55.700001,56.959998999999996,34.866226,5517600,3,noite
311,2003-03-28,56.0,57.599998,56.0,57.380001,35.123321999999995,5706900,4,noite
312,2003-03-31,56.75,58.450001,56.75,57.869999,35.423264,9597600,0,noite
313,2003-04-01,57.869999,58.599998,57.68,58.419998,35.759926,7793200,1,noite
314,2003-04-02,58.27,58.68,57.779999,58.41,35.753796,8450400,2,noite
315,2003-04-03,57.919998,58.389998999999996,57.240002000000004,57.459998999999996,35.172298,7423500,3,noite
316,2003-04-04,57.509997999999996,58.0,57.349998,57.84,35.404896,6748300,4,noite
317,2003-04-07,57.84,59.080002,57.200001,57.330002,35.092701,7225600,0,noite
318,2003-04-08,57.580002,58.0,57.200001,57.5,35.19677,5420100,1,noite
319,2003-04-09,57.02,58.099998,57.02,57.259997999999996,35.049862,6111200,2,noite
320,2003-04-10,57.720001,57.720001,56.709998999999996,57.209998999999996,35.019276,6612800,3,noite
321,2003-04-11,57.720001,58.139998999999996,57.330002,57.380001,35.123321999999995,5898700,4,noite
322,2003-04-14,57.389998999999996,57.990002000000004,57.25,57.779999,35.368164,4927300,0,noite
323,2003-04-15,56.5,57.200001,55.5,55.98,34.266342,13151900,1,noite
324,2003-04-16,55.98,56.200001,53.950001,54.389998999999996,33.293095,14857600,2,noite
325,2003-04-17,54.5,55.439999,54.5,55.009997999999996,33.672596,7654900,3,noite
326,2003-04-21,55.52,55.900002,55.040001000000004,55.360001000000004,33.886848,5406400,0,noite
327,2003-04-22,54.75,56.400002,54.720001,56.09,34.333690999999995,7359300,1,noite
328,2003-04-23,56.200001,57.0,56.049999,56.799999,34.768299,6474800,2,noite
329,2003-04-24,57.41,57.869999,56.380001,57.5,35.19677,12304400,3,noite
330,2003-04-25,57.5,57.66,55.799999,56.209998999999996,34.407146000000004,8366100,4,noite
331,2003-04-28,56.299999,57.330002,56.200001,57.009997999999996,34.896828,4361100,0,noite
332,2003-04-29,56.849998,57.209998999999996,56.5,56.889998999999996,34.82338,5867500,1,noite
333,2003-04-30,56.34,56.84,56.169998,56.360001000000004,34.49897,6948000,2,noite
334,2003-05-01,56.360001000000004,56.759997999999996,55.509997999999996,56.32,34.474476,6119400,3,noite
335,2003-05-02,55.950001,56.75,55.549999,56.639998999999996,34.670345000000005,6287800,4,noite
336,2003-05-05,56.259997999999996,57.16,56.259997999999996,56.459998999999996,34.560165000000005,5830100,0,noite
337,2003-05-06,56.709998999999996,57.0,56.400002,56.52,34.596909000000004,6477600,1,noite
338,2003-05-07,56.52,57.52,56.450001,57.009997999999996,34.896828,7731600,2,noite
339,2003-05-08,57.009997999999996,57.009997999999996,56.049999,56.439999,34.547928000000006,4605500,3,noite
340,2003-05-09,55.599998,56.549999,55.599998,56.34,34.486717,5803500,4,noite
341,2003-05-12,56.09,56.23,55.549999,56.16,34.376540999999996,7878200,0,noite
342,2003-05-13,56.0,56.0,55.150002,55.5,33.972542,7999900,1,noite
343,2003-05-14,55.869999,55.900002,55.009997999999996,55.349998,33.880722,7506700,2,noite
344,2003-05-15,55.490002000000004,55.939999,55.240002000000004,55.439999,33.93581,5033400,3,noite
345,2003-05-16,55.209998999999996,56.25,55.209998999999996,56.040001000000004,34.452236,6511800,4,noite
346,2003-05-19,55.700001,55.860001000000004,54.0,54.630001,33.585396,13579600,0,noite
347,2003-05-20,54.82,55.150002,53.330002,53.990002000000004,33.191921,10068600,1,noite
348,2003-05-21,54.099998,54.330002,53.18,53.450001,32.859943,9953700,2,noite
349,2003-05-22,53.450001,53.939999,53.220001,53.380001,32.816921,8354700,3,noite
350,2003-05-23,53.27,53.389998999999996,52.599998,53.09,32.638638,7360400,4,noite
351,2003-05-27,52.700001,53.599998,52.549999,53.419998,32.841507,9297900,1,noite
352,2003-05-28,53.700001,53.849998,53.23,53.66,32.989052,7836300,2,noite
353,2003-05-29,53.91,54.139998999999996,53.220001,53.389998999999996,32.823071,9358300,3,noite
354,2003-05-30,53.549999,54.400002,53.349998,54.349998,33.413265,8080800,4,noite
355,2003-06-02,54.349998,54.650002,53.130001,53.220001,32.718544,9658500,0,noite
356,2003-06-03,53.220001,54.099998,53.220001,53.849998,33.105862,7575600,1,noite
357,2003-06-04,53.98,54.439999,53.400002,54.060001,33.234951,9262100,2,noite
358,2003-06-05,52.5,53.25,51.630001,52.02,31.98082,21248300,3,noite
359,2003-06-06,53.25,53.419998,52.299999,52.75,32.429604,15792900,4,noite
360,2003-06-09,52.5,53.119999,52.09,52.720001,32.411163,8017600,0,noite
361,2003-06-10,52.779999,52.849998,51.900002,52.639998999999996,32.361973,8865100,1,noite
362,2003-06-11,52.919998,53.0,52.099998,53.0,32.583298,10413800,2,noite
363,2003-06-12,53.25,54.169998,53.099998,53.27,32.749297999999996,10491800,3,noite
364,2003-06-13,53.450001,53.799999,52.400002,52.560001,32.312785999999996,7977500,4,noite
365,2003-06-16,53.0,54.09,52.869999,53.700001,33.013649,9545300,0,noite
366,2003-06-17,54.549999,55.240002000000004,54.360001000000004,54.759997999999996,33.665306,10924900,1,noite
367,2003-06-18,54.75,55.189999,54.619999,54.950001,33.782112,8722200,2,noite
368,2003-06-19,55.5,55.57,54.049999,54.41,33.450138,7412300,3,noite
369,2003-06-20,54.849998,55.0,54.400002,54.450001,33.474734999999995,9671000,4,noite
370,2003-06-23,54.099998,54.349998,52.849998,53.349998,32.798458000000004,9568500,0,noite
371,2003-06-24,53.349998,53.790001000000004,52.599998,52.599998,32.337379,9972900,1,noite
372,2003-06-25,52.5,53.18,52.380001,52.470001,32.257465,6201700,2,noite
373,2003-06-26,52.220001,53.860001000000004,52.200001,52.299999,32.152958,8849400,3,noite
374,2003-06-27,51.25,52.450001,50.75,51.540001000000004,31.685703000000004,16472200,4,noite
375,2003-06-30,52.080002,52.369999,51.610001000000004,51.700001,31.784094,10305900,0,noite
376,2003-07-01,51.700001,52.639998999999996,51.490002000000004,52.419998,32.226738,9099000,1,noite
377,2003-07-02,52.16,53.060001,52.150002,52.900002,32.521824,8393800,2,noite
378,2003-07-03,52.900002,53.25,52.34,52.990002000000004,32.577141,5787000,3,noite
379,2003-07-07,53.23,53.68,52.599998,52.98,32.571007,8643500,0,noite
380,2003-07-08,52.470001,53.0,52.0,52.48,32.26363,10533000,1,noite
381,2003-07-09,52.150002,52.490002000000004,51.75,51.919998,31.919335999999998,10657100,2,noite
382,2003-07-10,51.400002,52.0,51.209998999999996,51.25,31.507441999999998,7541400,3,noite
383,2003-07-11,51.450001,51.93,51.34,51.880001,31.894762,7078000,4,noite
384,2003-07-14,53.299999,54.240002000000004,52.91,53.599998,32.952168,11927300,0,noite
385,2003-07-15,53.950001,54.189999,52.52,52.549999,32.306641,14243000,1,noite
386,2003-07-16,52.299999,53.049999,52.200001,52.599998,32.337379,8439300,2,noite
387,2003-07-17,52.849998,52.900002,52.02,52.27,32.134506,7052000,3,noite
388,2003-07-18,52.450001,52.75,51.849998,52.740002000000004,32.423462,7109900,4,noite
389,2003-07-21,52.68,52.740002000000004,51.25,51.380001,31.587357,7386400,0,noite
390,2003-07-22,51.299999,51.98,51.060001,51.759997999999996,31.820971000000004,5973400,1,noite
391,2003-07-23,51.970001,52.41,51.23,52.200001,32.09148,6448400,2,noite
392,2003-07-24,52.5,52.720001,51.580002,51.700001,31.784094,5811500,3,noite
393,2003-07-25,51.25,52.25,51.25,52.23,32.109921,5566800,4,noite
394,2003-07-28,51.759997999999996,51.939999,51.290001000000004,51.459998999999996,31.636543,7658800,0,noite
395,2003-07-29,51.5,51.639998999999996,50.549999,50.630001,31.126265000000004,9468700,1,noite
396,2003-07-30,50.950001,51.119999,50.630001,51.07,31.39678,7023400,2,noite
397,2003-07-31,51.599998,52.650002,51.290001000000004,51.790001000000004,31.839415000000002,9118200,3,noite
398,2003-08-01,50.950001,50.950001,50.150002,50.43,31.003319,9969800,4,noite
399,2003-08-04,50.43,51.0,49.970001,50.599998,31.107824,7644700,0,noite
400,2003-08-05,50.740002000000004,50.75,49.779999,49.779999,30.603720000000003,6961000,1,noite
401,2003-08-06,49.990002000000004,50.779999,49.709998999999996,50.209998999999996,30.868074,9183800,2,noite
402,2003-08-07,50.07,51.919998,50.029999,51.799999,31.845575,8894900,3,noite
403,2003-08-08,52.0,52.25,51.25,51.75,31.814822999999997,5812500,4,noite
404,2003-08-11,51.5,51.93,51.349998,51.68,31.771803000000002,4549400,0,noite
405,2003-08-12,51.599998,51.669998,50.279999,51.259997999999996,31.513584,9200300,1,noite
406,2003-08-13,51.299999,51.419998,50.619999,50.990002000000004,31.347596999999997,5934200,2,noite
407,2003-08-14,51.099998,51.299999,50.700001,51.0,31.353740999999996,5158600,3,noite
408,2003-08-15,51.049999,51.189999,50.700001,51.049999,31.532856,3628500,4,noite
409,2003-08-18,50.869999,51.09,50.349998,50.419998,31.143732,5409600,0,noite
410,2003-08-19,50.900002,50.900002,49.740002000000004,50.060001,30.921353999999997,9500600,1,noite
411,2003-08-20,50.0,50.5,49.77,50.029999,30.902826,7051600,2,noite
412,2003-08-21,49.799999,50.23,49.200001,49.400002,30.513685,9703700,3,noite
413,2003-08-22,49.490002000000004,49.990002000000004,49.0,49.540001000000004,30.600149,11107900,4,noite
414,2003-08-25,49.709998999999996,49.830002,49.310001,49.57,30.618703999999997,5767800,0,noite
415,2003-08-26,49.669998,49.919998,49.02,49.669998,30.680471,7533700,1,noite
416,2003-08-27,49.310001,49.57,49.200001,49.259997999999996,30.427219,6424000,2,noite
417,2003-08-28,49.259997999999996,49.349998,49.0,49.139998999999996,30.353091999999997,6193000,3,noite
418,2003-08-29,49.139998999999996,49.77,49.009997999999996,49.580002,30.624868,9042400,4,noite
419,2003-09-02,49.779999,50.130001,49.41,50.0,30.88431,8743800,1,noite
420,2003-09-03,50.0,50.27,49.48,50.240002000000004,31.032543,10443900,2,noite
421,2003-09-04,50.490002000000004,51.279999,50.18,51.119999,31.576109000000002,10095200,3,noite
422,2003-09-05,50.869999,51.110001000000004,50.290001000000004,50.5,31.193141999999998,6484500,4,noite
423,2003-09-08,50.98,51.48,50.900002,51.299999,31.687296000000003,9227800,0,noite
424,2003-09-09,51.25,51.439999,50.98,51.25,31.656421999999996,6998800,1,noite
425,2003-09-10,51.25,52.32,51.18,52.040001000000004,32.144375,12737700,2,noite
426,2003-09-11,52.299999,52.5,51.939999,52.25,32.27409,8816200,3,noite
427,2003-09-12,52.029999,52.040001000000004,51.369999,51.630001,31.891132,9696900,4,noite
428,2003-09-15,51.040001000000004,52.400002,50.150002,50.84,31.403162,21815700,0,noite
429,2003-09-16,50.849998,51.060001,50.450001,50.849998,31.409327,11059100,1,noite
430,2003-09-17,50.630001,50.830002,50.099998,50.220001,31.020203000000002,9030800,2,noite
431,2003-09-18,50.200001,50.900002,50.18,50.740002000000004,31.341393,7944300,3,noite
432,2003-09-19,50.740002000000004,50.740002000000004,50.139998999999996,50.310001,31.075783,9730000,4,noite
433,2003-09-22,50.099998,50.189999,49.810001,50.18,30.995489000000003,6628000,0,noite
434,2003-09-23,50.349998,50.5,49.939999,50.02,30.89665,7070800,1,noite
435,2003-09-24,50.02,50.02,49.400002,49.450001,30.544566999999997,9569000,2,noite
436,2003-09-25,49.459998999999996,49.900002,49.450001,49.529999,30.594,6957700,3,noite
437,2003-09-26,49.529999,49.639998999999996,49.09,49.18,30.377792,7817700,4,noite
438,2003-09-29,49.18,49.919998,49.130001,49.860001000000004,30.797825,8355600,0,noite
439,2003-09-30,49.709998999999996,49.82,49.279999,49.52,30.58782,8676900,1,noite
440,2003-10-01,49.709998999999996,50.27,49.400002,50.27,31.051065,9406600,2,noite
441,2003-10-02,50.389998999999996,50.389998999999996,49.950001,50.299999,31.069599,6463400,3,noite
442,2003-10-03,50.73,50.950001,50.0,50.110001000000004,30.952242,6881200,4,noite
443,2003-10-06,50.119999,50.439999,49.759997999999996,50.16,30.983128000000004,5738500,0,noite
444,2003-10-07,50.040001000000004,50.220001,49.799999,50.099998,30.946053999999997,7125000,1,noite
445,2003-10-08,50.060001,50.099998,49.599998,49.779999,30.748410999999997,6486900,2,noite
446,2003-10-09,50.200001,50.23,49.18,49.389998999999996,30.507515,10796700,3,noite
447,2003-10-10,49.389998999999996,49.389998999999996,49.07,49.240002000000004,30.41485,6755200,4,noite
448,2003-10-13,49.700001,49.860001000000004,49.490002000000004,49.790001000000004,30.754599,5346900,0,noite
449,2003-10-14,50.630001,50.98,50.400002,50.93,31.458754,14548500,1,noite
450,2003-10-15,51.099998,51.150002,50.299999,50.5,31.193141999999998,12480200,2,noite
451,2003-10-16,50.5,50.75,50.32,50.689999,31.310509000000003,6534700,3,noite
452,2003-10-17,50.860001000000004,50.889998999999996,50.27,50.41,31.137545000000003,7347500,4,noite
453,2003-10-20,50.599998,50.779999,50.360001000000004,50.630001,31.273453000000003,5039700,0,noite
454,2003-10-21,50.639998999999996,51.02,50.560001,50.849998,31.409327,7156800,1,noite
455,2003-10-22,50.200001,50.689999,49.75,49.91,30.828714,7735900,2,noite
456,2003-10-23,49.950001,50.450001,49.919998,50.299999,31.069599,6739200,3,noite
457,2003-10-24,50.310001,50.349998,49.650002,50.349998,31.100497999999998,7064400,4,noite
458,2003-10-27,50.349998,50.669998,49.779999,49.919998,30.834878999999997,5234800,0,noite
459,2003-10-28,49.990002000000004,50.549999,49.849998,50.540001000000004,31.217861,6850800,1,noite
460,2003-10-29,50.5,50.560001,48.049999,49.48,30.563103,27913000,2,noite
461,2003-10-30,49.48,49.939999,49.290001000000004,49.48,30.563103,10683700,3,noite
462,2003-10-31,49.599998,50.330002,49.59,50.330002,31.088146000000002,10290300,4,noite
463,2003-11-03,50.080002,50.200001,49.740002000000004,49.779999,30.748410999999997,6867700,0,noite
464,2003-11-04,49.349998,49.66,49.0,49.150002,30.359264000000003,7687600,1,noite
465,2003-11-05,48.950001,49.650002,48.759997999999996,49.150002,30.359264000000003,7414600,2,noite
466,2003-11-06,49.099998,49.25,48.75,49.169998,30.371624,6903000,3,noite
467,2003-11-07,48.970001,49.790001000000004,48.75,48.810001,30.149265000000003,6379700,4,noite
468,2003-11-10,48.799999,48.98,48.259997999999996,48.73,30.099838000000002,6036000,0,noite
469,2003-11-11,48.740002000000004,49.240002000000004,48.540001000000004,49.080002,30.316028999999997,6447100,1,noite
470,2003-11-12,49.439999,49.5,49.119999,49.5,30.575461999999998,5537300,2,noite
471,2003-11-13,49.41,50.669998,49.27,50.34,31.094326000000002,11116400,3,noite
472,2003-11-14,50.68,52.450001,50.59,52.119999,32.348007,21457900,4,noite
473,2003-11-17,51.5,52.060001,51.330002,51.669998,32.068729,6821900,0,noite
474,2003-11-18,51.93,52.889998999999996,51.68,51.939999,32.236290000000004,10571900,1,noite
475,2003-11-19,51.900002,52.490002000000004,51.900002,52.259997999999996,32.434895000000004,6516900,2,noite
476,2003-11-20,52.049999,52.25,51.380001,51.490002000000004,31.957015999999996,6020100,3,noite
477,2003-11-21,51.490002000000004,51.5,50.599998,50.880001,31.578428000000002,7780800,4,noite
478,2003-11-24,50.130001,51.5,50.130001,51.48,31.950796,7948700,0,noite
479,2003-11-25,51.23,51.23,50.43,50.689999,31.460499,11494200,1,noite
480,2003-11-26,50.720001,50.720001,49.200001,49.700001,30.846054,16251300,2,noite
481,2003-11-28,49.25,49.549999,49.200001,49.299999,30.597775,5466300,4,noite
482,2003-12-01,50.299999,50.299999,49.299999,49.5,30.721931,10666100,0,noite
483,2003-12-02,49.490002000000004,49.490002000000004,48.93,48.950001,30.380575,11245300,1,noite
484,2003-12-03,49.200001,49.450001,49.009997999999996,49.16,30.510914,10067000,2,noite
485,2003-12-04,49.27,49.549999,49.110001000000004,49.330002,30.616413,7913700,3,noite
486,2003-12-05,49.580002,49.689999,48.990002000000004,49.16,30.510914,7078800,4,noite
487,2003-12-08,49.360001000000004,50.279999,49.299999,49.849998,30.939169,11066100,0,noite
488,2003-12-09,50.150002,50.27,49.849998,50.009997999999996,31.038458000000002,10652200,1,noite
489,2003-12-10,50.009997999999996,50.299999,49.900002,50.25,31.187418,8141400,2,noite
490,2003-12-11,49.900002,50.240002000000004,49.900002,50.0,31.032261,7535700,3,noite
491,2003-12-12,48.790001000000004,49.849998,48.790001000000004,49.389998999999996,30.653658,10924400,4,noite
492,2003-12-15,50.099998,50.099998,49.25,49.459998999999996,30.6971,12387200,0,noite
493,2003-12-16,49.330002,49.73,49.119999,49.419998,30.672287,10641600,1,noite
494,2003-12-17,49.299999,49.529999,49.130001,49.349998,30.628826,7847100,2,noite
495,2003-12-18,49.200001,49.970001,49.200001,49.970001,31.013638,9461900,3,noite
496,2003-12-19,50.200001,50.200001,49.889998999999996,50.099998,31.094305,12128400,4,noite
497,2003-12-22,50.080002,50.48,49.889998999999996,50.48,31.330146999999997,7724500,0,noite
498,2003-12-23,50.23,50.77,50.200001,50.549999,31.373592,8099500,1,noite
499,2003-12-24,50.549999,50.740002000000004,50.299999,50.73,31.485321000000003,2983100,2,noite
500,2003-12-26,50.560001,50.709998999999996,50.5,50.619999,31.417046000000003,1279600,4,noite
501,2003-12-29,50.849998,51.25,50.740002000000004,51.25,31.808069,6589200,0,noite
502,2003-12-30,51.25,51.619999,51.0,51.369999,31.882534000000003,5881800,1,noite
503,2003-12-31,51.290001000000004,51.740002000000004,51.209998999999996,51.66,32.062515000000005,5580900,2,noite
504,2004-01-02,51.66,52.09,51.400002,51.66,32.062515000000005,6463600,4,noite
505,2004-01-05,52.0,52.080002,51.5,51.959998999999996,32.248699,8433800,0,noite
506,2004-01-06,51.709998999999996,52.09,51.549999,51.73,32.105976,7298000,1,noite
507,2004-01-07,51.650002,51.779999,51.459998999999996,51.75,32.118389,7279200,2,noite
508,2004-01-08,51.75,51.990002000000004,51.5,51.990002000000004,32.26733,6464900,3,noite
509,2004-01-09,51.900002,51.900002,51.389998999999996,51.400002,31.901146,6427300,4,noite
510,2004-01-12,51.490002000000004,52.5,51.48,52.389998999999996,32.515591,10459500,0,noite
511,2004-01-13,52.400002,52.75,52.040001000000004,52.25,32.428699,7402800,1,noite
512,2004-01-14,52.18,52.41,51.889998999999996,52.0,32.273540000000004,6410600,2,noite
513,2004-01-15,52.07,52.75,51.66,51.84,32.174225,7112400,3,noite
514,2004-01-16,51.490002000000004,51.490002000000004,50.43,50.450001,31.311535,15364000,4,noite
515,2004-01-20,50.799999,51.950001,50.799999,51.5,31.963221,14023400,1,noite
516,2004-01-21,51.509997999999996,52.650002,51.5,52.560001,32.621105,11084500,2,noite
517,2004-01-22,52.650002,53.209998999999996,52.619999,53.049999,32.925224,8893500,3,noite
518,2004-01-23,53.299999,53.549999,52.75,53.0,32.894188,9367400,4,noite
519,2004-01-26,53.0,53.610001000000004,52.880001,53.5,33.204516999999996,7999100,0,noite
520,2004-01-27,53.349998,53.700001,53.279999,53.279999,33.067959,8900400,1,noite
521,2004-01-28,53.400002,53.619999,53.110001000000004,53.16,32.993481,8381300,2,noite
522,2004-01-29,53.200001,54.040001000000004,53.029999,53.889998999999996,33.44656,7692000,3,noite
523,2004-01-30,53.82,53.919998,53.349998,53.419998,33.15485,6592900,4,noite
524,2004-02-02,53.41,53.889998999999996,53.049999,53.529999,33.223141,7009400,0,noite
525,2004-02-03,53.650002,53.91,53.41,53.84,33.415527000000004,5047600,1,noite
526,2004-02-04,53.98,54.82,53.849998,54.48,33.812725,9436700,2,noite
527,2004-02-05,54.549999,54.849998,54.360001000000004,54.5,33.825138,7138300,3,noite
528,2004-02-06,54.490002000000004,54.650002,54.07,54.150002,33.607925,6603100,4,noite
529,2004-02-09,54.23,54.299999,53.619999,54.110001000000004,33.583107,6071800,0,noite
530,2004-02-10,54.110001000000004,54.650002,54.07,54.43,33.7817,5686200,1,noite
531,2004-02-11,54.279999,54.84,54.0,54.650002,33.918251,7302400,2,noite
532,2004-02-12,54.490002000000004,54.900002,54.310001,54.599998,34.03669,5764400,3,noite
533,2004-02-13,54.619999,54.860001000000004,54.09,54.23,33.806049,4994700,4,noite
534,2004-02-17,54.48,54.630001,54.189999,54.41,33.918243,4818400,1,noite
535,2004-02-18,54.099998,54.220001,53.82,53.889998999999996,33.59409,4725700,2,noite
536,2004-02-19,54.0,54.150002,53.560001,53.57,33.394615,8285800,3,noite
537,2004-02-20,53.75,53.790001000000004,53.25,53.299999,33.226299,7212400,4,noite
538,2004-02-23,53.490002000000004,53.490002000000004,52.790001000000004,53.049999,33.070457,7412800,0,noite
539,2004-02-24,53.509997999999996,54.32,53.509997999999996,54.18,33.774864,12268600,1,noite
540,2004-02-25,53.950001,54.32,53.75,54.060001,33.700069,7286100,2,noite
541,2004-02-26,53.68,54.290001000000004,53.68,53.970001,33.64397,4962700,3,noite
542,2004-02-27,54.0,54.400002,53.900002,53.91,33.606567,4967100,4,noite
543,2004-03-01,54.490002000000004,54.490002000000004,53.509997999999996,53.759997999999996,33.513039,6921500,0,noite
544,2004-03-02,53.52,53.700001,52.810001,52.869999,32.958252,10710000,1,noite
545,2004-03-03,52.700001,53.400002,52.700001,53.220001,33.176429999999996,6706500,2,noite
546,2004-03-04,53.049999,53.220001,52.84,53.029999,33.05798,3958000,3,noite
547,2004-03-05,52.82,53.529999,52.77,53.130001,33.120312,7141300,4,noite
548,2004-03-08,53.43,53.759997999999996,52.990002000000004,53.099998,33.101624,5588400,0,noite
549,2004-03-09,53.040001000000004,53.049999,52.549999,52.669998,32.83358,6423800,1,noite
550,2004-03-10,52.610001000000004,52.740002000000004,51.73,51.77,32.272526,9345100,2,noite
551,2004-03-11,51.650002,52.299999,51.0,51.110001000000004,31.861074,9841900,3,noite
552,2004-03-12,51.150002,51.240002000000004,50.5,50.709998999999996,31.611732,10039500,4,noite
553,2004-03-15,50.709998999999996,51.099998,50.290001000000004,50.57,31.524464000000002,7877500,0,noite
554,2004-03-16,50.77,51.220001,50.610001000000004,51.080002,31.84239,6583200,1,noite
555,2004-03-17,51.299999,51.639998999999996,50.619999,50.880001,31.717722,7599200,2,noite
556,2004-03-18,50.919998,51.369999,50.889998999999996,50.98,31.78006,6196900,3,noite
557,2004-03-19,50.990002000000004,51.139998999999996,50.009997999999996,50.049999,31.200308000000003,10158900,4,noite
558,2004-03-22,50.049999,50.060001,49.25,49.5,30.857446999999997,9306200,0,noite
559,2004-03-23,50.029999,50.029999,49.349998,49.650002,30.950943,6573300,1,noite
560,2004-03-24,49.549999,49.990002000000004,49.5,49.650002,30.950943,6845700,2,noite
561,2004-03-25,49.950001,50.259997999999996,49.450001,50.200001,31.293814,9804900,3,noite
562,2004-03-26,50.5,50.5,50.049999,50.130001,31.250177,5767800,4,noite
563,2004-03-29,50.41,50.869999,50.400002,50.57,31.524464000000002,6578300,0,noite
564,2004-03-30,50.509997999999996,50.849998,50.279999,50.419998,31.430947999999997,5754900,1,noite
565,2004-03-31,50.549999,50.919998,50.299999,50.720001,31.617962,7201900,2,noite
566,2004-04-01,51.049999,51.23,50.369999,50.52,31.493305,6380700,3,noite
567,2004-04-02,49.900002,51.25,49.900002,51.18,31.904721999999996,7411400,4,noite
568,2004-04-05,51.18,51.52,50.810001,51.52,32.116684,7122000,0,noite
569,2004-04-06,51.099998,51.5,51.060001,51.48,32.09174,5042500,1,noite
570,2004-04-07,51.48,51.740002000000004,51.290001000000004,51.380001,32.029404,6221500,2,noite
571,2004-04-08,51.75,51.799999,50.529999,50.869999,31.711481,8022200,3,noite
572,2004-04-12,50.860001000000004,51.25,50.810001,51.200001,31.917203999999998,5346000,0,noite
573,2004-04-13,51.939999,52.099998,51.34,51.389998999999996,32.035629,10773300,1,noite
574,2004-04-14,51.330002,52.599998,51.259997999999996,52.599998,32.789928,9254300,2,noite
575,2004-04-15,52.98,54.77,52.869999,54.52,33.986828,19346800,3,noite
576,2004-04-16,54.669998,54.689999,53.799999,54.130001,33.74371,11372700,4,noite
577,2004-04-19,53.77,54.060001,53.389998999999996,53.919998,33.612792999999996,7614800,0,noite
578,2004-04-20,53.709998999999996,53.779999,53.040001000000004,53.130001,33.120312,7574100,1,noite
579,2004-04-21,53.049999,53.950001,53.02,53.68,33.463181,7676200,2,noite
580,2004-04-22,53.43,53.98,53.209998999999996,53.639998999999996,33.438244,7143200,3,noite
581,2004-04-23,53.540001000000004,53.860001000000004,53.349998,53.68,33.463181,5926700,4,noite
582,2004-04-26,53.689999,53.98,53.57,53.900002,33.60033,5911500,0,noite
583,2004-04-27,53.900002,54.650002,53.889998999999996,54.360001000000004,33.887085,8520100,1,noite
584,2004-04-28,54.25,54.470001,53.91,54.189999,33.781096999999995,6545900,2,noite
585,2004-04-29,54.150002,54.259997999999996,53.68,54.099998,33.724998,6278100,3,noite
586,2004-04-30,54.029999,54.549999,53.880001,54.029999,33.681362,7359100,4,noite
587,2004-05-03,54.220001,54.990002000000004,54.139998999999996,54.93,34.242405,7374300,0,noite
588,2004-05-04,54.779999,55.009997999999996,54.419998,54.799999,34.161369,6534900,1,noite
589,2004-05-05,54.5,54.740002000000004,54.02,54.080002,33.712551,6399200,2,noite
590,2004-05-06,54.040001000000004,55.040001000000004,54.02,54.84,34.186283,8673000,3,noite
591,2004-05-07,55.02,55.98,54.959998999999996,55.299999,34.473061,11046000,4,noite
592,2004-05-10,54.77,55.950001,54.77,55.450001,34.566573999999996,11477400,0,noite
593,2004-05-11,55.889998999999996,56.389998999999996,54.91,55.139998999999996,34.373318,8244600,1,noite
594,2004-05-12,55.0,55.27,54.509997999999996,55.240002000000004,34.43565,5798200,2,noite
595,2004-05-13,55.240002000000004,55.25,54.57,54.93,34.242405,6619200,3,noite
596,2004-05-14,54.540001000000004,54.98,54.07,54.52,34.164089000000004,5393000,4,noite
597,2004-05-17,54.18,55.099998,54.130001,54.700001,34.276875,6229800,0,noite
598,2004-05-18,54.869999,54.889998999999996,54.529999,54.630001,34.232994,5361600,1,noite
599,2004-05-19,54.790001000000004,54.84,54.279999,54.279999,34.013687,5748700,2,noite
600,2004-05-20,54.240002000000004,54.790001000000004,54.220001,54.580002,34.201679,4560300,3,noite
601,2004-05-21,54.68,55.040001000000004,54.560001,54.939999,34.427273,6605800,4,noite
602,2004-05-24,54.990002000000004,55.080002,54.23,54.310001,34.032482,6242700,0,noite
603,2004-05-25,54.150002,55.700001,54.119999,55.360001000000004,34.690449,8148300,1,noite
604,2004-05-26,55.200001,55.919998,55.169998,55.48,34.765644,9073300,2,noite
605,2004-05-27,55.650002,55.880001,55.57,55.790001000000004,34.959903999999995,5652800,3,noite
606,2004-05-28,55.599998,55.84,54.919998,55.709998999999996,34.909771,5505500,4,noite
607,2004-06-01,55.23,55.880001,55.150002,55.77,34.947365000000005,5164300,1,noite
608,2004-06-02,55.82,56.549999,55.759997999999996,56.200001,35.216827,7907800,2,noite
609,2004-06-03,56.0,56.93,55.970001,56.59,35.461220000000004,8850000,3,noite
610,2004-06-04,56.580002,56.790001000000004,56.279999,56.380001,35.32962,5193600,4,noite
611,2004-06-07,56.529999,56.720001,56.169998,56.720001,35.542675,4924100,0,noite
612,2004-06-08,56.720001,57.279999,56.650002,56.970001,35.699333,7499600,1,noite
613,2004-06-09,56.959998999999996,56.970001,56.580002,56.759997999999996,35.567734,3891400,2,noite
614,2004-06-10,56.75,57.23,56.700001,57.07,35.76202,4404200,3,noite
615,2004-06-14,56.790001000000004,57.189999,56.790001000000004,57.009997999999996,35.724392,4257000,0,noite
616,2004-06-15,56.75,56.849998,55.93,56.209998999999996,35.223103,8312400,1,noite
617,2004-06-16,56.02,56.189999,55.860001000000004,55.880001,35.016304,4471900,2,noite
618,2004-06-17,55.43,55.75,55.23,55.549999,34.809505,4750500,3,noite
619,2004-06-18,55.490002000000004,55.580002,55.02,55.25,34.621517,8467400,4,noite
620,2004-06-21,54.970001,55.700001,54.959998999999996,55.279999,34.640331,4514400,0,noite
621,2004-06-22,55.330002,55.5,55.009997999999996,55.369999,34.696709000000006,5235700,1,noite
622,2004-06-23,55.5,55.799999,55.139998999999996,55.639998999999996,34.86591,6199300,2,noite
623,2004-06-24,55.59,56.049999,55.549999,55.689999,34.897232,4445500,3,noite
624,2004-06-25,55.400002,55.509997999999996,54.5,54.5,34.151543,7932400,4,noite
625,2004-06-28,54.75,55.139998999999996,54.68,54.970001,34.446059999999996,6590200,0,noite
626,2004-06-29,54.970001,56.0,54.959998999999996,55.740002000000004,34.928574,6198300,1,noite
627,2004-06-30,55.740002000000004,55.82,55.279999,55.700001,34.903511,6122400,2,noite
628,2004-07-01,55.349998,55.77,55.060001,55.470001,34.75938,6363200,3,noite
629,2004-07-02,55.279999,56.139998999999996,55.119999,55.349998,34.684177000000005,4800000,4,noite
630,2004-07-06,55.169998,55.43,54.919998,54.950001,34.433533000000004,5752600,1,noite
631,2004-07-07,54.779999,54.990002000000004,54.43,54.529999,34.170341,5457900,2,noite
632,2004-07-08,54.619999,55.540001000000004,54.599998,54.759997999999996,34.314479999999996,5780100,3,noite
633,2004-07-09,54.900002,55.18,54.779999,54.990002000000004,34.458595,3899600,4,noite
634,2004-07-12,54.849998,55.200001,54.509997999999996,54.889998999999996,34.395934999999994,4227200,0,noite
635,2004-07-13,55.549999,55.650002,55.049999,55.380001,34.702988,6372900,1,noite
636,2004-07-14,55.389998999999996,56.299999,55.360001000000004,55.919998,35.041363,7503400,2,noite
637,2004-07-15,56.049999,56.09,55.259997999999996,55.349998,34.684177000000005,5474900,3,noite
638,2004-07-16,55.73,58.139998999999996,55.5,56.799999,35.592808000000005,23213100,4,noite
639,2004-07-19,57.68,57.68,55.91,56.400002,35.342148,8860200,0,noite
640,2004-07-20,56.599998,56.689999,56.099998,56.310001,35.285755,6541100,1,noite
641,2004-07-21,56.549999,56.59,55.700001,55.75,34.934837,6014500,2,noite
642,2004-07-22,55.799999,56.400002,55.75,56.240002000000004,35.241904999999996,6924700,3,noite
643,2004-07-23,56.200001,56.200001,55.380001,55.740002000000004,34.928574,5245600,4,noite
644,2004-07-26,55.59,55.66,54.860001000000004,55.43,34.73431,5885000,0,noite
645,2004-07-27,55.32,55.73,55.119999,55.650002,34.872177,5083300,1,noite
646,2004-07-28,55.549999,55.860001000000004,54.799999,55.68,34.89098,8636000,2,noite
647,2004-07-29,55.639998999999996,55.77,55.169998,55.470001,34.75938,4832100,3,noite
648,2004-07-30,55.200001,55.59,54.990002000000004,55.27,34.634052000000004,5033400,4,noite
649,2004-08-02,55.0,55.720001,55.0,55.52,34.790714,4140500,0,noite
650,2004-08-03,55.369999,55.98,55.27,55.43,34.73431,5934200,1,noite
651,2004-08-04,55.25,55.650002,55.18,55.580002,34.82832,3438700,2,noite
652,2004-08-05,55.700001,56.0,55.099998,55.220001,34.602717999999996,6130000,3,noite
653,2004-08-06,55.220001,55.220001,54.400002,54.599998,34.214214,6053600,4,noite
654,2004-08-09,54.66,54.900002,54.459998999999996,54.490002000000004,34.145283,3450200,0,noite
655,2004-08-10,54.48,55.0,54.369999,54.990002000000004,34.458595,3931800,1,noite
656,2004-08-11,54.700001,56.139998999999996,54.700001,56.0,35.091503,6071100,2,noite
657,2004-08-12,56.150002,56.75,56.099998,56.299999,35.279488,7663000,3,noite
658,2004-08-13,56.25,56.349998,55.25,55.540001000000004,34.980335,6049000,4,noite
659,2004-08-16,55.540001000000004,56.25,55.529999,56.09,35.326729,4739500,0,noite
660,2004-08-17,56.150002,56.549999,56.049999,56.540001000000004,35.610141999999996,6458700,1,noite
661,2004-08-18,56.540001000000004,57.060001,56.52,57.029999,35.918751,4851600,2,noite
662,2004-08-19,56.700001,57.009997999999996,56.639998999999996,56.779999,35.761299,4444400,3,noite
663,2004-08-20,56.669998,57.119999,56.66,57.040001000000004,35.925053000000005,3809300,4,noite
664,2004-08-23,57.130001,57.610001000000004,57.040001000000004,57.049999,35.931346999999995,4667300,0,noite
665,2004-08-24,57.470001,57.5,57.07,57.169998,36.006939,4028100,1,noite
666,2004-08-25,57.23,57.689999,57.189999,57.66,36.315548,4701100,2,noite
667,2004-08-26,57.66,57.84,57.459998999999996,57.52,36.227364,3930800,3,noite
668,2004-08-27,57.599998,57.849998,57.580002,57.709998999999996,36.347046,3488200,4,noite
669,2004-08-30,57.619999,57.849998,57.490002000000004,57.540001000000004,36.239967,3327400,0,noite
670,2004-08-31,57.509997999999996,58.099998,57.509997999999996,58.099998,36.592678,5775400,1,noite
671,2004-09-01,58.0,58.060001,57.41,57.790001000000004,36.397415,5949500,2,noite
672,2004-09-02,57.68,57.91,57.509997999999996,57.720001,36.353336,4948800,3,noite
673,2004-09-03,57.799999,58.130001,57.779999,57.849998,36.4352,5102200,4,noite
674,2004-09-07,58.049999,58.299999,57.700001,57.860001000000004,36.441525,5706000,1,noite
675,2004-09-08,58.25,58.380001,58.0,58.27,36.699745,7263800,2,noite
676,2004-09-09,58.27,58.32,57.509997999999996,57.509997999999996,36.221081,5118500,3,noite
677,2004-09-10,57.41,57.639998999999996,57.07,57.57,36.258862,5117200,4,noite
678,2004-09-13,57.799999,58.150002,57.349998,58.150002,36.624161,5855000,0,noite
679,2004-09-14,58.029999,58.68,58.029999,58.349998,36.750122,5435500,1,noite
680,2004-09-15,58.25,58.509997999999996,58.099998,58.18,36.643051,4387000,2,noite
681,2004-09-16,58.139998999999996,58.380001,58.099998,58.119999,36.605251,3299700,3,noite
682,2004-09-17,58.360001000000004,58.799999,58.330002,58.52,36.857182,5227100,4,noite
683,2004-09-20,57.75,58.16,57.75,57.919998,36.479298,4731500,0,noite
684,2004-09-21,57.900002,57.950001,57.400002,57.900002,36.466709,5331500,1,noite
685,2004-09-22,57.580002,57.650002,57.189999,57.299999,36.088799,4714500,2,noite
686,2004-09-23,57.0,57.220001,56.52,56.560001,35.622741999999995,6333600,3,noite
687,2004-09-24,56.450001,56.970001,56.25,56.549999,35.616451,4555900,4,noite
688,2004-09-27,56.349998,56.959998999999996,56.349998,56.529999,35.603844,4313000,0,noite
689,2004-09-28,56.68,57.43,56.27,57.099998,35.962849,4975300,1,noite
690,2004-09-29,56.93,57.040001000000004,56.669998,57.029999,35.918751,4102400,2,noite
691,2004-09-30,57.220001,57.490002000000004,56.09,56.330002,35.477901,7942900,3,noite
692,2004-10-01,56.389998999999996,57.0,56.119999,57.0,35.899857,5786400,4,noite
693,2004-10-04,57.0,57.450001,56.959998999999996,57.25,36.057323,6920300,0,noite
694,2004-10-05,57.369999,57.549999,57.150002,57.459998999999996,36.189583,3826700,1,noite
695,2004-10-06,57.5,57.759997999999996,57.27,57.75,36.372219,3743100,2,noite
696,2004-10-07,57.650002,57.68,55.549999,55.919998,35.219658,10501300,3,noite
697,2004-10-08,55.419998,55.900002,55.209998999999996,55.32,34.841766,8960900,4,noite
698,2004-10-11,55.189999,55.459998999999996,54.810001,55.360001000000004,34.866951,7255600,0,noite
699,2004-10-12,55.5,56.880001,55.360001000000004,56.82,35.786491,11660700,1,noite
700,2004-10-13,56.919998,57.200001,56.310001,56.509997999999996,35.591259,7024600,2,noite
701,2004-10-14,56.490002000000004,56.98,56.490002000000004,56.52,35.597557,5820600,3,noite
702,2004-10-15,56.73,57.009997999999996,56.5,56.580002,35.635342,7227200,4,noite
703,2004-10-18,56.200001,57.470001,56.200001,57.32,36.101395000000004,6466400,0,noite
704,2004-10-19,56.84,57.419998,56.470001,56.610001000000004,35.654228,5435400,1,noite
705,2004-10-20,56.349998,57.5,56.330002,57.5,36.214771,6049000,2,noite
706,2004-10-21,57.299999,57.959998999999996,57.18,57.779999,36.391132,6910700,3,noite
707,2004-10-22,57.779999,57.990002000000004,57.240002000000004,57.290001000000004,36.082508000000004,5131100,4,noite
708,2004-10-25,57.099998,57.310001,56.950001,57.080002,35.950249,6234900,0,noite
709,2004-10-26,57.009997999999996,57.34,56.700001,57.23,36.044712,6610400,1,noite
710,2004-10-27,56.990002000000004,57.799999,56.900002,57.77,36.384811,5945100,2,noite
711,2004-10-28,57.57,58.080002,57.490002000000004,58.009997999999996,36.535984,5581200,3,noite
712,2004-10-29,57.93,58.48,57.91,58.380001,36.769024,6801500,4,noite
713,2004-11-01,58.349998,58.889998999999996,58.099998,58.439999,36.806816,6724200,0,noite
714,2004-11-02,57.810001,59.0,57.810001,58.040001000000004,36.554874,7443800,1,noite
715,2004-11-03,59.23,59.98,59.18,59.450001,37.442917,9375800,2,noite
716,2004-11-04,59.25,59.5,58.82,59.220001,37.298077,9121900,3,noite
717,2004-11-05,59.150002,59.75,59.0,59.18,37.272881,6466200,4,noite
718,2004-11-08,59.299999,60.259997999999996,59.25,59.84,37.688553000000006,6775000,0,noite
719,2004-11-09,59.84,60.23,59.529999,59.830002,37.682262,5096600,1,noite
720,2004-11-10,59.970001,60.639998999999996,59.880001,60.119999,37.864909999999995,6436700,2,noite
721,2004-11-11,60.0,60.849998,59.869999,60.599998,38.167206,5627500,3,noite
722,2004-11-12,60.599998,61.0,60.439999,61.0,38.600681,6120300,4,noite
723,2004-11-15,61.0,61.490002000000004,60.52,61.16,38.701941999999995,5326500,0,noite
724,2004-11-16,61.099998,61.389998999999996,61.009997999999996,61.029999,38.619675,3953700,1,noite
725,2004-11-17,60.900002,61.439999,60.75,60.900002,38.537418,6264900,2,noite
726,2004-11-18,60.900002,61.360001000000004,60.849998,61.119999,38.676632,4666700,3,noite
727,2004-11-19,61.02,61.099998,60.389998999999996,60.540001000000004,38.309608000000004,5213900,4,noite
728,2004-11-22,60.549999,61.07,60.549999,60.869999,38.518417,4752300,0,noite
729,2004-11-23,60.84,60.889998999999996,60.279999,60.57,38.328583,5376000,1,noite
730,2004-11-24,60.669998,60.889998999999996,60.400002,60.509997999999996,38.290607,4001300,2,noite
731,2004-11-26,60.299999,60.790001000000004,60.290001000000004,60.450001,38.252651,1672900,4,noite
732,2004-11-29,60.490002000000004,60.91,59.900002,60.200001,38.094444,5021800,0,noite
733,2004-11-30,60.099998,60.75,60.0,60.32,38.170395,8543200,1,noite
734,2004-12-01,60.330002,61.290001000000004,60.220001,61.189999,38.720913,5431500,2,noite
735,2004-12-02,60.98,62.0,60.900002,61.75,39.075291,6167000,3,noite
736,2004-12-03,61.740002000000004,62.299999,61.509997999999996,61.91,39.176556,6053700,4,noite
737,2004-12-06,61.66,61.990002000000004,61.66,61.830002,39.125912,3369400,0,noite
738,2004-12-07,61.049999,61.950001,60.349998,60.41,38.227329,11385900,1,noite
739,2004-12-08,60.93,61.450001,60.799999,61.150002,38.695614,5990700,2,noite
740,2004-12-09,61.150002,61.5,60.75,61.310001,38.796859999999995,7539100,3,noite
741,2004-12-10,61.490002000000004,62.59,60.25,60.25,38.126090999999995,8732900,4,noite
742,2004-12-13,60.48,60.82,59.599998,60.639998999999996,38.372879,8681000,0,noite
743,2004-12-14,60.5,61.57,60.330002,61.43,38.872784,7057700,1,noite
744,2004-12-15,61.049999,61.380001,60.619999,60.900002,38.537418,7329000,2,noite
745,2004-12-16,61.799999,64.239998,61.549999,63.450001,40.151039000000004,28705900,3,noite
746,2004-12-17,62.959998999999996,64.25,62.950001,63.580002,40.233307,18006800,4,noite
747,2004-12-20,63.580002,63.900002,62.919998,63.07,39.910583,8646100,0,noite
748,2004-12-21,63.080002,63.099998,62.619999,62.950001,39.83466,9117100,1,noite
749,2004-12-22,62.299999,63.41,62.299999,63.299999,40.056118,6678000,2,noite
750,2004-12-23,63.049999,63.759997999999996,63.049999,63.599998,40.245968,5552700,3,noite
751,2004-12-27,63.779999,63.98,63.529999,63.529999,40.201664,4677700,0,noite
752,2004-12-28,63.759997999999996,63.900002,63.599998,63.759997999999996,40.347206,4089000,1,noite
753,2004-12-29,63.599998,63.700001,63.349998,63.529999,40.201664,4583100,2,noite
754,2004-12-30,63.700001,63.84,63.5,63.549999,40.214333,3206800,3,noite
755,2004-12-31,63.700001,63.75,63.330002,63.419998,40.132065000000004,2949600,4,noite
756,2005-01-03,63.349998,63.549999,62.689999,62.900002,39.803020000000004,7859500,0,noite
757,2005-01-04,63.099998,63.240002000000004,62.619999,62.700001,39.676449,6989600,1,noite
758,2005-01-05,62.869999,63.09,62.59,62.66,39.651131,6888100,2,noite
759,2005-01-06,62.75,63.09,62.689999,62.84,39.765038,5277500,3,noite
760,2005-01-07,62.98,63.0,62.57,62.610001000000004,39.619503,5037800,4,noite
761,2005-01-10,62.73,63.220001,62.599998,63.099998,39.929577,5419300,0,noite
762,2005-01-11,62.849998,63.099998,62.630001,62.880001,39.790352,4880000,1,noite
763,2005-01-12,62.950001,63.41,62.57,63.32,40.068779,6093800,2,noite
764,2005-01-13,63.150002,63.290001000000004,61.880001,61.970001,39.214493,9014700,3,noite
765,2005-01-14,62.450001,62.75,62.220001,62.700001,39.676449,6820200,4,noite
766,2005-01-18,62.23,63.060001,62.23,63.029999,39.885265000000004,6122900,1,noite
767,2005-01-19,63.029999,63.279999,62.650002,62.82,39.75238,4697100,2,noite
768,2005-01-20,62.82,62.939999,62.400002,62.490002000000004,39.543552000000005,5274600,3,noite
769,2005-01-21,62.360001000000004,62.59,61.849998,61.849998,39.138560999999996,6426300,4,noite
770,2005-01-24,61.849998,61.93,61.200001,61.490002000000004,38.91077,5938600,0,noite
771,2005-01-25,61.900002,63.849998,61.900002,63.720001,40.321903000000006,11172300,1,noite
772,2005-01-26,63.240002000000004,64.980003,62.740002000000004,64.650002,40.910396999999996,12781800,2,noite
773,2005-01-27,64.370003,64.650002,64.190002,64.220001,40.638306,6360100,3,noite
774,2005-01-28,64.379997,64.809998,64.260002,64.620003,40.891411,6968700,4,noite
775,2005-01-31,64.93,64.959999,64.349998,64.699997,40.942043,6168900,0,noite
776,2005-02-01,64.610001,65.41999799999999,64.519997,65.41999799999999,41.397667,7340300,1,noite
777,2005-02-02,65.199997,66.050003,65.18,66.0,41.764687,7068000,2,noite
778,2005-02-03,65.779999,66.0,65.470001,65.650002,41.543186,5022300,3,noite
779,2005-02-04,65.470001,66.239998,65.459999,66.239998,41.916538,4851300,4,noite
780,2005-02-07,66.25,66.510002,65.870003,66.449997,42.049446,4892100,0,noite
781,2005-02-08,66.459999,66.639999,66.139999,66.33000200000001,41.973518,6379900,1,noite
782,2005-02-09,66.360001,66.480003,65.970001,66.190002,41.884910999999995,4529800,2,noite
783,2005-02-10,66.059998,66.220001,65.870003,66.129997,41.846951000000004,4002900,3,noite
784,2005-02-11,65.989998,66.889999,65.900002,66.599998,42.326778000000004,6584400,4,noite
785,2005-02-14,66.610001,66.610001,65.800003,66.0,41.945469,5217600,0,noite
786,2005-02-15,65.82,66.010002,65.540001,65.910004,41.888268,4186400,1,noite
787,2005-02-16,65.68,65.870003,65.41999799999999,65.739998,41.78022,4607500,2,noite
788,2005-02-17,65.699997,65.699997,65.339996,65.349998,41.532340999999995,5354200,3,noite
789,2005-02-18,65.440002,65.589996,65.209999,65.43,41.583187,6185200,4,noite
790,2005-02-22,65.050003,65.870003,65.050003,65.07,41.354403999999995,8299800,1,noite
791,2005-02-23,65.400002,65.550003,65.209999,65.410004,41.570492,4928200,2,noite
792,2005-02-24,65.349998,65.949997,65.08000200000001,65.889999,41.875534,4817000,3,noite
793,2005-02-25,65.860001,66.290001,65.849998,66.220001,42.085274,6456100,4,noite
794,2005-02-28,66.07,66.239998,65.599998,65.599998,41.691238,6833700,0,noite
795,2005-03-01,66.470001,66.989998,66.410004,66.650002,42.358546999999994,8467400,1,noite
796,2005-03-02,66.550003,67.150002,66.120003,66.959999,42.555561,6991900,2,noite
797,2005-03-03,67.099998,67.099998,66.510002,66.75,42.4221,5791900,3,noite
798,2005-03-04,67.190002,67.75,67.010002,67.739998,43.051285,8306000,4,noite
799,2005-03-07,67.900002,68.68,67.849998,68.440002,43.496155,9389500,0,noite
800,2005-03-08,68.050003,68.400002,68.0,68.190002,43.337272999999996,8537100,1,noite
801,2005-03-09,68.099998,68.110001,67.699997,67.760002,43.063992,6375500,2,noite
802,2005-03-10,67.870003,68.269997,67.800003,68.0,43.216534,5041700,3,noite
803,2005-03-11,68.010002,68.25,67.489998,67.599998,42.962317999999996,5807000,4,noite
804,2005-03-14,67.589996,67.83000200000001,67.489998,67.82,43.102142,5589000,0,noite
805,2005-03-15,67.839996,67.849998,67.260002,67.260002,42.746235,5014000,1,noite
806,2005-03-16,67.099998,67.449997,67.050003,67.050003,42.612766,5408700,2,noite
807,2005-03-17,66.83000200000001,67.370003,66.809998,66.989998,42.574638,4405800,3,noite
808,2005-03-18,67.0,67.25,66.660004,67.25,42.739868,10640700,4,noite
809,2005-03-21,67.25,67.25,66.660004,66.849998,42.485649,5178600,0,noite
810,2005-03-22,66.650002,67.230003,66.650002,66.790001,42.447525,5072300,1,noite
811,2005-03-23,66.83000200000001,68.199997,66.82,68.199997,43.343643,9565500,2,noite
812,2005-03-24,68.199997,68.519997,67.959999,68.089996,43.273720000000004,8876600,3,noite
813,2005-03-28,68.230003,68.5,68.16999799999999,68.349998,43.438961,5145100,0,noite
814,2005-03-29,68.050003,68.120003,67.699997,67.91999799999999,43.165695,9428000,1,noite
815,2005-03-30,67.93,68.25,67.900002,68.050003,43.248298999999996,6516300,2,noite
816,2005-03-31,67.379997,67.459999,67.0,67.160004,42.682686,12551500,3,noite
817,2005-04-01,67.32,67.449997,66.650002,66.849998,42.485649,11052700,4,noite
818,2005-04-04,66.949997,68.089996,66.849998,67.980003,43.203819,8684900,0,noite
819,2005-04-05,67.980003,69.050003,67.779999,69.010002,43.858421,9114300,1,noite
820,2005-04-06,69.110001,69.199997,68.650002,68.809998,43.731312,5689800,2,noite
821,2005-04-07,68.599998,69.25,68.470001,69.239998,44.004604,4975300,3,noite
822,2005-04-08,69.459999,69.480003,68.639999,68.639999,43.623295,4822800,4,noite
823,2005-04-11,68.800003,69.260002,68.699997,68.889999,43.782154,4449500,0,noite
824,2005-04-12,68.279999,68.709999,67.849998,68.639999,43.623295,9775400,1,noite
825,2005-04-13,68.449997,68.989998,68.449997,68.589996,43.59148,7138400,2,noite
826,2005-04-14,68.599998,69.260002,68.230003,69.25,44.010952,8069600,3,noite
827,2005-04-15,69.889999,69.989998,69.300003,69.400002,44.106277,12990700,4,noite
828,2005-04-18,69.300003,69.309998,68.470001,69.040001,43.877491,9164900,0,noite
829,2005-04-19,69.870003,69.949997,68.410004,69.050003,43.883839,9343700,1,noite
830,2005-04-20,69.050003,69.150002,67.849998,68.099998,43.280064,7882400,2,noite
831,2005-04-21,68.33000200000001,68.480003,67.83000200000001,68.290001,43.400826,7696200,3,noite
832,2005-04-22,68.33000200000001,68.779999,67.989998,68.489998,43.527939,7021900,4,noite
833,2005-04-25,69.0,69.5,68.440002,68.540001,43.5597,5981500,0,noite
834,2005-04-26,68.400002,68.690002,68.0,68.019997,43.229240000000004,5866900,1,noite
835,2005-04-27,67.839996,68.400002,67.68,68.33000200000001,43.426266,5966400,2,noite
836,2005-04-28,68.099998,68.339996,67.620003,67.660004,43.000443,6406300,3,noite
837,2005-04-29,67.82,68.629997,67.790001,68.629997,43.616913000000004,6540900,4,noite
838,2005-05-02,68.68,68.83000200000001,68.349998,68.779999,43.712253999999994,4361200,0,noite
839,2005-05-03,68.82,68.83000200000001,68.32,68.730003,43.680492,5716300,1,noite
840,2005-05-04,68.150002,68.25,67.650002,68.220001,43.356346,8439700,2,noite
841,2005-05-05,68.25,68.599998,67.900002,68.510002,43.540657,6279600,3,noite
842,2005-05-06,68.870003,68.870003,68.150002,68.209999,43.349987,4731000,4,noite
843,2005-05-09,68.099998,68.290001,67.769997,68.16999799999999,43.324581,6766100,0,noite
844,2005-05-10,68.0,68.150002,67.459999,67.730003,43.044933,6870600,1,noite
845,2005-05-11,67.82,68.110001,67.239998,67.949997,43.184753,4969700,2,noite
846,2005-05-12,68.08000200000001,68.139999,67.25,67.650002,42.994091,4845300,3,noite
847,2005-05-13,67.150002,67.379997,66.760002,67.099998,42.853588,5954700,4,noite
848,2005-05-16,67.110001,67.639999,67.099998,67.639999,43.198452,3943500,0,noite
849,2005-05-17,67.32,67.949997,67.07,67.910004,43.370895000000004,5294400,1,noite
850,2005-05-18,68.0,68.08000200000001,67.480003,67.599998,43.172909000000004,8495100,2,noite
851,2005-05-19,67.550003,67.730003,67.269997,67.410004,43.051571,8134400,3,noite
852,2005-05-20,67.650002,67.650002,67.089996,67.199997,42.91745,6191100,4,noite
853,2005-05-23,67.300003,67.58000200000001,67.040001,67.260002,42.955765,5877000,0,noite
854,2005-05-24,67.300003,67.690002,67.260002,67.599998,43.172909000000004,8353300,1,noite
855,2005-05-25,67.620003,67.699997,67.199997,67.470001,43.089890000000004,4725900,2,noite
856,2005-05-26,68.0,68.0,67.370003,67.41999799999999,43.057953000000005,5032300,3,noite
857,2005-05-27,67.5,67.68,67.43,67.43,43.064341999999996,4409900,4,noite
858,2005-05-31,67.68,67.690002,67.099998,67.099998,42.853588,6398300,1,noite
859,2005-06-01,67.099998,67.610001,67.050003,67.309998,42.98769,4966200,2,noite
860,2005-06-02,67.25,67.25,66.870003,67.0,42.789715,6761600,3,noite
861,2005-06-03,66.83000200000001,66.949997,66.360001,66.440002,42.432087,6526000,4,noite
862,2005-06-06,66.589996,66.720001,66.300003,66.379997,42.393749,7041700,0,noite
863,2005-06-07,66.730003,66.940002,66.510002,66.540001,42.495945,5520700,1,noite
864,2005-06-08,66.849998,66.849998,66.25,66.360001,42.380989,5296300,2,noite
865,2005-06-09,66.32,66.860001,66.150002,66.730003,42.617294,5228900,3,noite
866,2005-06-10,66.5,66.709999,65.730003,66.480003,42.457626,5248400,4,noite
867,2005-06-13,66.25,66.949997,66.230003,66.470001,42.451240999999996,5413400,0,noite
868,2005-06-14,66.410004,66.800003,66.360001,66.58000200000001,42.521491999999995,3981700,1,noite
869,2005-06-15,66.550003,66.550003,66.029999,66.349998,42.374588,4655300,2,noite
870,2005-06-16,66.16999799999999,66.58000200000001,66.110001,66.300003,42.342667,4434800,3,noite
871,2005-06-17,66.75,66.75,65.410004,66.559998,42.508720000000004,14288000,4,noite
872,2005-06-20,66.379997,66.800003,66.199997,66.550003,42.502334999999995,8199500,0,noite
873,2005-06-21,66.349998,66.699997,66.199997,66.529999,42.489548,8668900,1,noite
874,2005-06-22,66.650002,66.66999799999999,65.970001,66.0,42.151073,8873100,2,noite
875,2005-06-23,65.879997,66.099998,65.190002,65.349998,41.735939,8927500,3,noite
876,2005-06-24,65.699997,66.290001,65.0,65.58000200000001,41.882832,18319900,4,noite
877,2005-06-27,65.519997,65.910004,65.489998,65.650002,41.927547,6900200,0,noite
878,2005-06-28,64.43,66.099998,64.43,66.07,42.195766,6071700,1,noite
879,2005-06-29,65.949997,65.989998,65.400002,65.699997,41.95948,7808300,2,noite
880,2005-06-30,65.620003,65.68,64.610001,65.0,41.512423999999996,9344300,3,noite
881,2005-07-01,64.82,65.43,64.82,64.949997,41.480472999999996,6718200,4,noite
882,2005-07-05,64.400002,65.25,64.379997,64.849998,41.416615,6384100,1,noite
883,2005-07-06,64.900002,64.93,64.150002,64.150002,40.969566,6661400,2,noite
884,2005-07-07,64.099998,64.099998,63.52,63.919998,40.822674,8278900,3,noite
885,2005-07-08,63.900002,64.300003,63.529999,64.279999,41.052578000000004,8144900,4,noite
886,2005-07-11,64.279999,64.82,64.110001,64.790001,41.378296,6528500,0,noite
887,2005-07-12,64.790001,65.0,64.610001,64.779999,41.371914000000004,5141600,1,noite
888,2005-07-13,64.620003,64.889999,64.349998,64.41999799999999,41.141983,6809800,2,noite
889,2005-07-14,64.699997,64.879997,64.32,64.599998,41.256958000000004,6521400,3,noite
890,2005-07-15,64.57,65.150002,64.57,65.029999,41.531582,6444500,4,noite
891,2005-07-18,64.849998,65.07,64.449997,64.599998,41.256958000000004,5938000,0,noite
892,2005-07-19,64.550003,65.059998,64.5,65.019997,41.525188,11069400,1,noite
893,2005-07-20,64.870003,64.959999,64.349998,64.959999,41.48687,7312600,2,noite
894,2005-07-21,64.870003,64.870003,63.98,63.98,40.860991999999996,9850100,3,noite
895,2005-07-22,64.400002,64.400002,64.0,64.32,41.078129,5398400,4,noite
896,2005-07-25,64.25,64.290001,63.299999,63.34,40.452251000000004,6741900,0,noite
897,2005-07-26,62.84,63.369999,62.669998,62.669998,40.024349,12640400,1,noite
898,2005-07-27,63.099998,64.769997,63.02,64.540001,41.218643,10789500,2,noite
899,2005-07-28,64.480003,64.839996,64.120003,64.730003,41.339985,6391600,3,noite
900,2005-07-29,64.68,64.779999,63.939999,63.959998999999996,40.848225,6143200,4,noite
901,2005-08-01,64.25,65.349998,64.25,64.5,41.193084999999996,7348200,0,noite
902,2005-08-02,64.639999,64.709999,64.16999799999999,64.629997,41.276119,5554800,1,noite
903,2005-08-03,64.379997,65.010002,64.309998,64.870003,41.429394,5090400,2,noite
904,2005-08-04,64.739998,64.949997,64.120003,64.150002,40.969566,4049200,3,noite
905,2005-08-05,64.019997,64.08000200000001,63.540001000000004,63.540001000000004,40.579975,5019400,4,noite
906,2005-08-08,63.540001000000004,63.68,63.23,63.439999,40.516117,4002000,0,noite
907,2005-08-09,63.619999,64.019997,63.450001,64.019997,40.886532,4601200,1,noite
908,2005-08-10,64.160004,64.660004,63.75,63.849998,40.777958,5351200,2,noite
909,2005-08-11,63.849998,64.5,63.75,64.309998,41.071743,4688300,3,noite
910,2005-08-12,64.029999,64.16999799999999,63.470001,63.560001,40.592754,4850200,4,noite
911,2005-08-15,63.419998,63.59,63.02,63.349998,40.458649,5402600,0,noite
912,2005-08-16,63.32,63.380001,62.84,63.009997999999996,40.241505,5432300,1,noite
913,2005-08-17,63.220001,63.779999,63.169998,63.5,40.554432,5578500,2,noite
914,2005-08-18,63.450001,64.440002,63.32,64.25,41.033436,9326100,3,noite
915,2005-08-19,63.919998,64.150002,63.560001,63.57,40.808743,6121400,4,noite
916,2005-08-22,64.0,64.059998,63.32,63.5,40.763809,5380900,0,noite
917,2005-08-23,63.52,63.580002,62.43,62.759997999999996,40.288773,8909000,1,noite
918,2005-08-24,62.689999,62.939999,62.139998999999996,62.25,39.961361,8021300,2,noite
919,2005-08-25,62.549999,63.200001,62.450001,62.529999,40.141125,6143000,3,noite
920,2005-08-26,62.349998,62.41,61.939999,61.939999,39.762375,5206200,4,noite
921,2005-08-29,61.779999,63.119999,61.650002,63.009997999999996,40.449238,6364800,0,noite
922,2005-08-30,62.669998,63.060001,62.349998,63.0,40.442833,7581500,1,noite
923,2005-08-31,63.0,63.5,62.060001,63.389998999999996,40.693199,8006900,2,noite
924,2005-09-01,63.18,63.73,62.889998999999996,63.130001,40.526283,6161300,3,noite
925,2005-09-02,63.349998,63.580002,62.849998,62.900002,40.378639,4130400,4,noite
926,2005-09-06,63.25,64.019997,63.209998999999996,63.790001000000004,40.949982,7373700,1,noite
927,2005-09-07,64.0,64.889999,63.939999,64.800003,41.598335,7817400,2,noite
928,2005-09-08,65.0,65.0,63.950001,64.099998,41.148964,6475900,3,noite
929,2005-09-09,64.349998,64.980003,64.099998,64.730003,41.553406,5124300,4,noite
930,2005-09-12,64.730003,64.949997,64.529999,64.68,41.521313,5923500,0,noite
931,2005-09-13,64.510002,64.699997,64.0,64.050003,41.116871,6670100,1,noite
932,2005-09-14,64.470001,64.709999,64.129997,64.300003,41.27737,7406200,2,noite
933,2005-09-15,64.379997,64.489998,64.160004,64.370003,41.322303999999995,4896200,3,noite
934,2005-09-16,64.58000200000001,65.220001,64.349998,65.18,41.842285,12995300,4,noite
935,2005-09-19,65.190002,65.199997,64.5,64.650002,41.502052,7212500,0,noite
936,2005-09-20,64.730003,64.800003,64.300003,64.400002,41.34156,5301000,1,noite
937,2005-09-21,63.950001,65.309998,63.91,64.699997,41.534149,7173600,2,noite
938,2005-09-22,64.459999,65.33000200000001,64.410004,64.68,41.521313,7239000,3,noite
939,2005-09-23,64.900002,64.910004,63.889998999999996,63.990002000000004,41.078358,7814400,4,noite
940,2005-09-26,64.230003,64.449997,63.759997999999996,63.869999,41.001331,5981900,0,noite
941,2005-09-27,63.900002,63.950001,63.130001,63.450001,40.731712,6244000,1,noite
942,2005-09-28,63.27,63.610001000000004,63.099998,63.209998999999996,40.577641,5573200,2,noite
943,2005-09-29,62.950001,63.849998,62.900002,63.75,40.924294,6285300,3,noite
944,2005-09-30,63.900002,63.939999,63.0,63.279999,40.622581,5646500,4,noite
945,2005-10-03,63.18,63.25,62.509997999999996,62.580002,40.173214,6826600,0,noite
946,2005-10-04,62.900002,63.279999,62.450001,63.049999,40.474934000000005,6950300,1,noite
947,2005-10-05,62.900002,63.189999,62.220001,62.25,39.961361,6667700,2,noite
948,2005-10-06,62.57,62.59,61.18,61.57,39.524845,12716200,3,noite
949,2005-10-07,61.799999,61.799999,61.119999,61.34,39.377193,11685000,4,noite
950,2005-10-10,61.279999,62.169998,60.529999,61.470001,39.460654999999996,7672600,0,noite
951,2005-10-11,61.57,61.68,61.080002,61.290001000000004,39.3451,7801000,1,noite
952,2005-10-12,61.43,62.099998,61.150002,61.799999,39.672489,8046500,2,noite
953,2005-10-13,61.799999,64.599998,61.77,64.019997,41.097626,19778100,3,noite
954,2005-10-14,64.029999,64.040001,63.43,63.700001,40.892204,13318800,4,noite
955,2005-10-17,63.650002,63.650002,62.669998,63.0,40.442833,9214800,0,noite
956,2005-10-18,63.610001000000004,64.0,62.66,62.970001,40.423576000000004,19695000,1,noite
957,2005-10-19,63.099998,64.349998,62.689999,64.32,41.290207,13733400,2,noite
958,2005-10-20,64.400002,64.589996,63.900002,64.16999799999999,41.193915999999994,8621500,3,noite
959,2005-10-21,64.300003,64.489998,63.880001,64.07,41.129715000000004,13887900,4,noite
960,2005-10-24,64.199997,64.5,63.450001,64.099998,41.148964,8744600,0,noite
961,2005-10-25,63.77,63.950001,63.259997999999996,63.580002,40.81517,7066600,1,noite
962,2005-10-26,63.200001,63.580002,62.580002,62.810001,40.320854,8961100,2,noite
963,2005-10-27,62.5,62.52,61.049999,61.439999,39.441383,14097200,3,noite
964,2005-10-28,62.049999,62.990002000000004,61.73,62.950001,40.410736,8903800,4,noite
965,2005-10-31,62.91,63.0,62.549999,62.619999,40.198898,9769300,0,noite
966,2005-11-01,62.48,62.740002000000004,61.799999,61.900002,39.736678999999995,9859100,1,noite
967,2005-11-02,61.860001000000004,62.700001,61.049999,61.299999,39.351509,15350500,2,noite
968,2005-11-03,61.299999,61.549999,60.959998999999996,61.200001,39.287315,16977300,3,noite
969,2005-11-04,61.200001,61.330002,60.0,60.880001,39.081894,15227200,4,noite
970,2005-11-07,60.5,61.580002,60.200001,61.43,39.434975,9768400,0,noite
971,2005-11-08,60.950001,61.200001,60.639998999999996,60.77,39.011272,7394800,1,noite
972,2005-11-09,60.919998,61.400002,60.59,61.02,39.171768,7059600,2,noite
973,2005-11-10,61.02,61.599998,60.59,61.41,39.422134,6115400,3,noite
974,2005-11-11,61.25,61.389998999999996,60.919998,60.919998,39.107578000000004,5902300,4,noite
975,2005-11-14,61.07,61.119999,60.43,60.509997999999996,38.844372,8901900,0,noite
976,2005-11-15,62.09,63.5,61.849998,62.830002,40.333702,37611100,1,noite
977,2005-11-16,63.779999,63.779999,62.650002,63.25,40.603325,15168600,2,noite
978,2005-11-17,63.619999,63.66,63.07,63.34,40.661106,10596300,3,noite
979,2005-11-18,63.75,63.77,62.34,62.549999,40.36425,11696000,4,noite
980,2005-11-21,62.549999,62.549999,61.700001,61.990002000000004,40.002876,11069200,0,noite
981,2005-11-22,61.720001,61.799999,61.150002,61.610001000000004,39.757652,10625600,1,noite
982,2005-11-23,61.450001,61.84,61.299999,61.669998,39.796378999999995,7681900,2,noite
983,2005-11-25,62.099998,62.34,61.950001,62.150002,40.106133,5094100,4,noite
984,2005-11-28,62.75,62.950001,62.200001,62.400002,40.267448,12698500,0,noite
985,2005-11-29,62.799999,62.810001,61.959998999999996,62.0,40.009331,8675700,1,noite
986,2005-11-30,62.0,62.630001,61.720001,61.75,39.848007,7696000,2,noite
987,2005-12-01,61.849998,62.060001,61.630001,61.689999,39.809277,6963600,3,noite
988,2005-12-02,61.610001000000004,61.799999,61.200001,61.209998999999996,39.499542,6818000,4,noite
989,2005-12-05,61.599998,62.0,60.73,61.049999,39.396275,21946800,0,noite
990,2005-12-06,61.25,61.25,60.400002,60.470001,39.022007,14823200,1,noite
991,2005-12-07,60.389998999999996,60.450001,59.759997999999996,60.040001000000004,38.744518,14538400,2,noite
992,2005-12-08,60.040001000000004,60.75,59.869999,60.080002,38.770340000000004,10415400,3,noite
993,2005-12-09,60.0,60.349998,59.98,60.099998,38.783241,8127100,4,noite
994,2005-12-12,60.150002,60.259997999999996,60.009997999999996,60.150002,38.815506,7960900,0,noite
995,2005-12-13,60.130001,60.5,59.990002000000004,60.25,38.880039000000004,12785500,1,noite
996,2005-12-14,60.400002,60.48,60.060001,60.110001000000004,38.789696,10199000,2,noite
997,2005-12-15,60.150002,60.349998,60.0,60.16,38.821968,6942500,3,noite
998,2005-12-16,60.330002,61.349998,60.189999,60.860001000000004,39.27367,13197200,4,noite
999,2005-12-19,61.549999,62.0,61.099998,61.189999,39.486633000000005,10639100,0,noite
1000,2005-12-20,60.919998,61.189999,60.669998,60.779999,39.222065,6946700,1,noite
1001,2005-12-21,60.98,61.200001,60.700001,60.880001,39.286578999999996,6282100,2,noite
1002,2005-12-22,60.959998999999996,61.32,60.560001,61.32,39.570522,5179100,3,noite
1003,2005-12-23,61.299999,61.509997999999996,61.009997999999996,61.110001000000004,39.435005,3591100,4,noite
1004,2005-12-27,61.119999,61.200001,60.27,60.299999,38.912296000000005,6324400,1,noite
1005,2005-12-28,60.299999,60.66,60.299999,60.419998,38.989746000000004,5603100,2,noite
1006,2005-12-29,60.529999,60.700001,60.040001000000004,60.25,38.880039000000004,5325100,3,noite
1007,2005-12-30,60.099998,60.25,60.029999,60.099998,38.783241,5261300,4,noite
